message,label
""" bitch who do you love """,2
""" Murda Gang bitch its Gang Land """,2
""" i met that pussy on Ocean Dr . i gave that pussy a pill "" &#128524;",2
""" i txt my old bitch my new bitch pussy wetter """,2
""" post a picture of that pussy get 200 likes """,2
""" pussy is a powerful drug "" &#128517; #HappyHumpDay http://t.co/R8jsymiB5b",2
""" nice girls bad, make me get naughty. Bad yello hoe, real nice body. Down south chick, like em real thick"" http://t.co/bzRDl3kF7U",2
""" jus meet son now he ya mane ass bitches "" #Shots",2
""" momma said no pussy cats inside my doghouse """,2
""" we dont trust these niggas all these bitches """,2
""" quick piece of pussy call it a drive by """,2
"""..All I wanna do is get money and fuck model bitches!"" - Russell Simmons",2
"""@ARIZZLEINDACUT: Females think dating a pussy is cute now? http://t.co/VxBJg26Gsz"" how does doing this stuff make him a pussy?",2
"""@Almightywayne__: Fuck Red Malone man bitch ass niggah"" could you please use complete sentences?",2
"""@AutoWorId: Hennessey Venom GT &#128584; http://t.co/i8eGMnKaJ9"" that's one sexy bitch",2
"""@TheNymphoTweets: Hickies in between her thighs right by her pussy &gt;&gt;&gt;"" Its only right",2
"""@TheOneMiss_Luu: Would you still love me when I'm no longer young and beautiful?"" No. Ugly monkey ass.",2
"""@TheRealRickyB21: @JetsAndASwisher faggot bitch"" http://t.co/2HyyAbk4eH",2
"""@Thornton25: &#8220;@KantKeepAhBYTCH: I love eating pussy lol I never get full lol&#8221; I can eat that shit forever lol"" and ever.",2
"""@TreLeKidd: Yo bitch is Gucci Mane RT @JabariTheGreat : My bitch a stoner &#128175;&#128175; http://t.co/lt9LIJjpg9""&#128514;&#128514;&#128514;&#128514;&#128514;&#128514;",2
"""@UnHoly_Jack: These harbor bitches are all ""Party Bus hoes"""" Lol all?",2
"""@Vbomb20: @Woodchuck20 pussy"" love it",2
"""@VeronikaHumbert: Ultraviolence video, its coming you little bitch! #MTVHottest Lana Del Rey http://t.co/533fLbvWqh"" bitchy promo",2
"""@WBUR: A smuggler explains how he helped fighters along the ""Jihadi Highway"": http://t.co/UX4anxeAwd""",2
"""@WitHaPrettyface: @_1nonlykeisha bet not be no bitches! &#128514;&#128080;&#128299;&#128299;&#128298;"" &#128514;&#128514; Kim bye!!!",2
"""@X_XPDOTJDOT: Damn near gotta protect my tweets.. stalkers being annoying"" you got that dope dick. Drive these bitches loco",2
"""@YoungRicooo: Happy birthday bitch nigga @WexicanAfro702"" Thanks pal",2
"""@YunGMiGo: @Shane_A1 cinco shit harder fucc nigga""yee but you fucc wit rich homie cuz dats ya homeboy fucc nicca",2
"""@_BaDa_Bing: I only punch real niggas in the face cause a pussy Nigga is gonna punch me right back"" Strong Mush or Shake..",2
"@_BeeDontCare My pussy still fresh"" &lt;----- something stank girls say.",2
"""@_GeeWillikers_: Ass slapping is one the greatest things. Haha. &#128527;"" I slapped a girl on the ass. . She got mad I aint get pussy for a week",2
"""@__Sugga: There's a lane some bitches need to stay in &#128526;"" the left n get right the fuck outta our face &#128557;&#128129;&#128536;",2
"""@__taradise__: Ya nigs out there still saying y'all don't eat butt?!"" WITH A STRAIGHT FACE!",2
"""@__youreWelcome: Im a boss ass bitch"" ...that needs to sit in a corner",2
"""@_rapdreams: bitches hold they nigga down when he get locked up... but if a nigga go to college or the military it's a different story. &#128564;""",2
"""@adriwadrri: No love for these fuck niggas"" hoes*",2
"""@airmaxlad1: Hot meat http://t.co/BRz8Imk5vK"" sexy as fuck scally lad. I would love to meet him and his trainers.",2
"""@alejandra_p13: These bitches love Sosa""",2
"""@allisonnamaya_: What should I name my cat, ideas?"" Mr pussy",2
"""@angelenagoley: 10 sex positions http://t.co/nt3PABMWsm http://t.co/JmHZ8Sczf0""naw this what u call fucking the soul outta bitch &#128557;",2
"""@babineaux_: I don't got no type. Bad bitches is the only thing I like"" *Iongotnotype",2
"""@bleedingtrap: god teeth , gold chain white bitches , cocaine""",2
"""@chieflottahoes: In D.C., we call them rollers, in Chiraq we call them thots."" All across America they have been known as a hoe.",2
"""@coltforty2Gone: hate when bitches try and put you in the friendzone. bitch I'm tryin to score put me in the endzone &#128293;&#128293;&#128293;"" ON. MY. SOUL!",2
"""@demi_eggleton: oh my god I love Victoria Mitchell"" all my bitches love me",2
"""@djsliime: That long distance shit wack I knew the bitch was cheating""- uh oh",2
"""@fIirting: HE'S DOING IT RIGHT &#128525;&#128120;&#128158; http://t.co/JZKkiVUVjC"" no bitches smh",2
"""@fatboyswagg347: they BAN dat pussy for life &amp; he gotta pay 2.5 millon dollar fine",2
"""@fuckcamoclark: Roses are red and violets are blue and niggers are black, you know that's true."" @dylan72892",2
"""@glowstruck: But a nigga gon be a nigga, be a nigga."" You sound fuckin retarded",2
"""@gurl_Im_Angie: @ItsKiaraaaa @WestYourMajesty I'm not even shy stfu"" kikis mom: Hi angelique Angelique: Smiles *Dips cracker in soup*",2
"""@hazelebaby: Karma is a bitch #Damn #GodProtectsHisAngels &#128588;"" *sips tea*",2
"""@iAMPickUpLines: You can call me Fireman cause I turn the hoes on.""",2
"""@iCrawley: I could never have a bby by a lil dick Thts y I got a abortion by the last bitch""- oh My God",2
"""@iDntWearCondoms: Watch women try to argue with me like they have a dick and actually fucked some pussy before"" I hate when bitches do that",2
"""@irlfatty: my pussy sweet like watermelon http://t.co/SKlPh3TtoG"" Thotermelon",2
"""@jSadass: loud bitches annoy me""",2
"""@jacaxeltlu: Eventually every bitch turns into that hoe."" # Truuu",2
"""@jaimescudi_: ""@Tonybthrz_: ""@jaimescudi_: I swear if oomf try talking to me tomorrow.."" @"" @BarackObama"" pussy",2
"""@jama_jam: You bitches be pretending to be TF crazy.."" You ain't never lied...",2
"""@jasmyncyniquee: @white_thunduh k bye hoe"" um bye ..",2
"""@jayswaggkillah: Jackies a retard #blondeproblems"" At least I can make a grilled cheese!",2
"""@jboii2: ima keep on giving these pussy ass niggas ah reason to hate !""",2
"""@jgabsss: Stacey Dash won &#128166; http://t.co/PDLG46rjOL"" baddest bitch evaaaa",2
"""@juicyyyjayyyy: Side bitch Sunday &#128514;&#128514;&#128514;"" &#128514;&#128514;&#128514;",2
"""@kayreneeee_: Fuck wit us and then we tweakin hoe"" shmurda!",2
"""@kikiSTFU: I'll break that lil bitch neck and won't even feel sorry about it"" Savage",2
"""@lildurk_: I can turn yo bitch into a eaterrrrrrrrr""",2
"""@maybe6789: Now u got what u want bitch ! Enjoy it http://t.co/gLQzwtGMj9"" now this is a crazy party I would love to attend.",2
"""@michelle_westt: Facts ""@POONsoaker: Only the dudes with hoes say they don't got hoes&#8221;"" @J_Austin12",2
"""@molssyo: Lifes a bitch, and then you die Thats why we get high, cause you neva know when you're gonna go"" my sister is perfect (",2
"""@molssyo: One of us is on drugs, and its me but you're still wrong &#128514; @currieburry"" hahahahahahah im a bitch sometimes (:",2
"""@ortiz_jaylene: All I see is Bruno's bitch ass on my twitter now. wtf"" Bruno's all that she sees (Drake voice)",2
"""@ozzie_garza: @white_thunduh I'm so sure bitch"" frfr tf",2
"""@poppunksucks: Twitter is not a source of news broadcast you fucking retards"" it is when nbc, abc, cnn, Fox, etc are all keeping quiet.",2
"""@realFORTES: Grudges are for weirdos""and bitches",2
"""@rhythmixx_: I told Mariam to but cigarettes for her birthday"" You also called me trash rn",2
"""@ronald_iongi: Ummmmmm okay http://t.co/4BVLsci5K5"" you got hoes from left to right &#128514;&#128514; do yah thang!",2
"""@royalswagg_: using y=mx+b to find the slope of that ass""",2
"""@savage_twotone: Next year bitches is gonna be like you gotta promise you won't expose me &#128514;&#128514;&#128557;""",2
"""@scallynikelad: &#8220;@sleazytwinks: So hot!! RT @opcinjen: Lick it, bitch http://t.co/JLoUkqDcOM&#8221;"" fuck yeah. Eat that trainer u dirty fucker",2
"""@sierrabernia: &#8220;@T2G_CincoKilby: Y'all think celebrity pussy different from the locals? &#128514;&#8221; yeah Meghan goods is""",2
"""@snoleezey801: I don't ever expose females like that.. That's childish.."" bitch nigga shiiii....",2
"""@soxandjox: Thick raw fuck http://t.co/g8RvUHCeBN"" Damn his man pussy is getting a workout.",2
"""@splurgb_: Nothin in life is free.. Some of you bitches need to write that on ya panties""&#128557;&#128514;",2
"""@talibanshawtyy: Niggas whole hoes out here cuz"" Couldn't had said it better..&#128588",2
"""@thebravebird: #YoureNotMyType if my fade is perpetually fresher than yours."" That's a real ass bitch rite there",2
"""@thotmouths: http://t.co/aQKGOrAUxx"" Lmao bitch got on some huggies",2
"""@trestiffer: Hi bitch No bitch Bye bitch"" http://t.co/RbcRXMRtQP",2
"@trutherbot: does he look like a bitch?"" @el_capacitor",2
"""@whooligan__: can't stand a ""I don't know what I want"" ass nigga &#128564;"" bitch",2
"""@witmyRUDEass: These newly gay bitches don't kno how shit works""",2
"""@witmyRUDEass: When a bitch don't want a real job they just become strippers lol"" lol",2
"""@wodaeeex3: Awww Meat Meat In His Feelins""i ainn n my feelings bitch",2
"""@worldwarzee_: these hoes ain't loyal.""",2
"""@z0mbiedance: I made that bitch lunch. @elizabethbatman"" Bitches love lunch",2
"""A pussy a day keeps the devil away"" -@DoperThanYola",2
"""All these bitches want a baby, I don't want no children.""",2
"""Baby I like being on your left side"" no bitch you can't be there Cuz the street on that side and Twitter said I ain't real if you do",2
"""And bitch you must be lost"" &#128514;&#128514;",2
"""Batter the wee cunt Jewis"" y cos he fucked my ex? Emma isnt battering the girls I've nailed?Ive moved on,stop being a pussy n do it urself.",2
"""Boolin' in the bando wit a few bitches""",2
"""Bleed out hoe!!!"" -Alexa",2
"""But I need a bad bitch that's hotter than me"" might be the realist shit PartyNextDoor ever said. That's how I be feelin everyday",2
"""Don't know no ugly bitches! Don't know no broke niggas!""--@Kevin_Gates",2
"""Don't make me make you fall in live with a nigga like meee..."" The birds 1&amp;2 are my favorite songs by Weeknd",2
"""Don't worry about the nigga you see, worry about the nigga you DON'T see... Dat's da nigga fuckin yo bitch.""",2
"""Don't you ever give my pussy away. You keep it tight, alright?""",2
"""Dropped a stack cause bitch I'm ON"". -@1PoloBoy Song called ""Dope"". Download the mixtape here: http://t.co/LaCZ1e6TG7",2
"""Dumb bitches do dumb things""",2
"""Eat the pussy like a real nigga hungry""",2
"""Everything look better with a bitch next to it""",2
"""Facto @ShaunaSayomi: Who cares if you a hoe when your ass looks like this? http://t.co/CJdT987aqf""",2
"""For every bad bitch there is a nigga tired of fucking her""",2
"""Foreign chick, no lie.. Man that bitch Beautiful""",2
"""Fresh nigga so you kno I need a clean bitch... Who kno I'm working cuz I wanna see my team rich."" http://t.co/Cgx3HNAK9A",2
"""Get me that shit bitch you is fine bear""",2
"""Girls that I dated, its okay I ain't mad yo, unless you stabbed me in the heart, no love hoe""",2
"""HOW DO YOU KNOW MY TWITTER PASSWORD"" bitch please",2
"""Have you seen my shows? Have you seen my hoes? If I wasn't hot would they be so thick?",2
"""He a bitch for hitting that hoe"" &#128514;&#128514;&#128514;&#128514;&#128514;&#128514;&#128514;&#128514;&#128514;",2
"""He married to a white woman... lucky sum-bitch"" - Uncle Ruckus",2
"""He wanna be my nigga, but I'm just trinna be his savings account &#128553;"" &#128514;&#128557;&#128514;&#128557; omg imma funny ass bitch man, but that's Real Shit &#128175;",2
"""Hey go look at that video of the man that found the kidnapped girls in Ohio........what a nigger"" - #shitmybosssays",2
"""Hey pussy you still there?""",2
"""How hotter than is it?"" ""A bitch.""",2
"""How you doing, crazy bitch?"" is hilarious!",2
"""I KNOW my shoes dirty as fuck, whatever, bitch. You don't have to call!"" Like, negro... one of the first things they LOOK at is shoes, dog",2
"""I call him my bitch"" @MaKennaM_",2
"""I can't handle no liquor... But these bitches can't handle meeedd"" - Chief Sosa",2
"""I don't chase after dudes... I chase after bitches."" - Edgar Bautista",2
"""I don't love these hoes, baby It's me and you forever""",2
"""I dont have hoes"" &#128564;",2
"""I fucking hate that bitch so much I wanna smack her in the face then tongue kiss her",2
"""I got a bitch set it off like jada picket..queen latifah you riding round with your nieces bitch you titi""",2
"""I guess this is the night bitches die...!!!!"" Stewie is that nigga...!",2
"""I had a bitch that had a bitch, had the bitch eating halibut.."" - @iamyoungroc #FreshRhymes #JerkSquad #SlowStir",2
"""I have this lady-love She's married, but I still wanna bang her She won't have sex with me What a bitch"" ~A troubadour, probably",2
"""I heard you was looking for Candy Man, bitch""",2
"""I hope you don't get mad, ladies. I only call you bitches 'bitches' bc I don't know your names individually."" -Katt Williams @LetMicahDown",2
"""I just got a number 3 I'm a bitch boy""",2
"""I know that shit eatin grin! You either just fucked the girl of your dreams or you sold a car. We know you're a faggot. What'd you sell?""&#128514;",2
"""I only be with older men cause they're more mature"" That supposed to fool us bitch?",2
"""I prolly leave up out this bitch with my cups in my hand and yo hand in my other hand.",2
"""I said i don't like it, it tastes like wolf pussy"" ""what? How do you even know what that tastes like""",2
"""I taught myself how to eat pussy, and cut my own hair"" ""I taught myself how to eat pussy hair""&#128514; Name the movie &#128514;",2
"""I used to dress up like a cop too."" ""Oh really?"" ""Yeah...right after 9/11...mad pussy."" ""Really?"" ""Yes...I'll NEVER FORGET.""",2
"""I went to jail for a flock, &amp; came home wit a strike.. You went to jail as a bitch, came home as a dike""- @YG",2
"""I woke up like thi-"" bitch go back to bed",2
"""I will fuck u where u stand"". ""U dizzy bitch"". Two unique &amp; separate phrases I overheard a relative saying when I was younger.",2
"""I'll beat on that pussy so hard""",2
"""I'm a funky ass honkey."" - @jtimberlake 's shout out to @macklemore tonight before ""Cabaret"" &#128514; #JT2020Tour",2
"""I'm downloading you a new personality and ordering you a new face! You bitch.. I love you.. Goddamn it!"" -Axl Rose yelling at his sex robot",2
"""I'm gonna piss on your dimple @SoNi99a_: Stop wasting prayers on trash teams lol",2
"""I'm probably your main bitch chocolate dipped cinnamon apple""",2
"""I'm sick of his shit man @JonnieSantana: Sit his bitch ass, I'm fed up bro RT ""@80sbaby4life: Geno threw yet another pick smh""""",2
"""IBS"" irritable bitch syndrome.",2
"""If you love her then hide yo bitch so you'll keep shorty."" @wizkhalifa",2
"""If you talk back to me you ain't getting no pussy."" Me: http://t.co/vgnwcFgvSJ",2
"""If you're a bad bitch put your hands up high"" Every girl in the room starts waving there hands around.",2
"""Imma tie that bitch up in the basement and donkey-fuck her ass for two weeks straight"" hahahahahahahahaha #50centmovie #beforeiselfdestruct",2
"""In My Mind"" Gotta be the dumb hoe anthem..",2
"""It takes a true directioner to accept Larry"" You know what bitch its fans like you that make the boys cry. #ThankYouPaulForConfirmingLarry",2
"""It's never too late to tag a bitch.""- @CyFyre",2
"""Just follow the yellow brick twitter.",2
"""LMFAOOOOOOOOOOOOOOOOOO @bb_brooks: If your pussy is good but my mama don&#8217;t like you? Guess who gotta go&#8230;&#8230;&#8230;..my mama.""",2
"""Let's do nips ahoy and spank me maybe""",2
"""Like... correct me if I'm wrong but... Doesn't pimpin involve 'smackin bitches for money'?""",2
"""Lmao @BlackBeauty515: &#128514;&#128514; RT @80sbaby4life: Pound cake look like pussy &#128514; http://t.co/UFYwCC9xCI""",2
"""Maybe she wants to be more than your friend or maybe she's a stupid bitch. You never know until you make her cum."" &#128514;&#128514;&#128514;",2
"""My grandma used to call me a porch monkey all the time... Come to think of it she did refer to a broken bottle as a nigger knife"" &#128563;",2
"""My momma told me to tell you to mind yoooo damn motha fuckin business you 2+2 not knowin what it is bitch!!!!!!""",2
"""My twitter was hacked"" = I'm too pussy to admit that I said it and now I want to act like I never said it.",2
"""Nah girl I ain't gon be able to make it, it's been tight since Russ loss his job"" you in the back like ""damn bitch really""",2
"""New Flame"" the song of the yr lol that bitch SUPER run like",2
"""Niggas always yelling ""Fuck bitches, Get money"" meanwhile they're broke and still want the bitches&#8230;.""",2
"""Niggas be pressed for pussy, Eeeeeen nothin""",2
"""No bitches "" - nan",2
"""No boats and hoes please thanks"" - Mom",2
"""Pistol whip my Dickau, shoot yo bitch club up."" Sometimes freestyles be freestyles. And I'm okay with that.",2
"""RT it for me. Please and thanks @BmorePocahontas: Did a pierced pussy just come across my timeline &#128528;""",2
"""Roberto you are one nasty hoe""",2
"""SORRY JB FAN&#65292;REALLY JUSTIN COME BACK"". That is the top comment on a Justin Timberlake video with 10 million views. Son of a fucking bitch!",2
"""Selling my soul for material wishes: fast cars and bitches"" #Tupac #smile #remix",2
"""Shake that Bear ... aka two rednecks having sex on a dead bear""",2
"""Shall I compare thee to a summer&#8217;s day? No, a summer&#8217;s day is not a bitch.""",2
"""She gotta shape up her pussy lips tho @PostPrettyPussy: Whole wheat organic pussy http://t.co/kq0R0A7z2g""",2
"""She was a bitch anyway""",2
"""She's from Florida so you've got to do the sniff test in those swamp pussies"" &#128514;&#128514;&#128514;&#128514;&#128514;&#128514;&#128514;&#128514;&#128514;&#128514;&#128514;&#128514;&#128553;&#128514;&#128514;&#128514;&#128514;&#128514;&#128514;&#128514;&#128514;&#128514;",2
"""Slow the fuck down, bitch, I know where you live!"" Classy young lady.",2
"""So he's a good football player...but he still acts like a nig""",2
"""Stop being a pussy, son, and shove that needle into your own heart!"" #afterearth",2
"""Stop looking us and go eat some pussy, you yuppie fucks.""",2
"""Takin it straight to dirt, why finger the pussy when I know I can put my dick in it?"" @xErnee18",2
"""That ain't bro moves, that's hoe moves""",2
"""These hoes ain't loyal""",2
"""These sour apple bitter bitches, I'm not fuckin wit em""",2
"""They Faggots @JonnieSantana: Orioles petty as fuck...got swept up outta this bitch""",2
"""They have some ghetto ass bands"" * gets snuck* &#128514;&#128514;&#128514;&#128514",2
"""This is for all the fans that waited, the bitch niggas that hated / Old hoes we dated, look mama, we&#8230; http://t.co/sNRY6A7VYB",2
"""This is for my ghetto motherfuckers"" -Missy Elliott",2
"""Trust noneeee, bitch I don't """,2
"""Twitter is twitter"" bitch twitter is life",2
"""U got my 200K bitch nigga""--Al Haymon to Antonio Tarver",2
"""Used to have a girlfriend, now all I got is hoes.. I was lookin for a good girl, but she was fuckin on the low.""",2
"Virgin pussy "" () "" , regular pussy "" ( ) "" , Oomf pussy (_________________________)",2
"""Walked in that bitch like, NIGGA WE MADE IT!""",2
"""We hate niggers, we hate faggots and we hate spics""-kkk rally",2
"""We're out here, and we're queer!"" "" 2, 4, 6, hut! We like it in our butt!""",2
"""Who the fuck you callin jiggaboo, nigga?!""",2
"""Why people think gay marriage is okay is beyond me. Sorry I don't want my future son seeing 2 fags walking down the street holding hands an",2
"""Why u being such a little bitch chris you ain't six bitch"" - Allisons Mom",2
"""Why would I want to play with some pussy?"" - @jimmyfallon #SNL",2
"""Why would you wanna be the Green Ranger? He's evil!"" Duh bitch",2
"""Why would you want pussy on your side burns?.. Thats a good question"" @_hy0ung hahahahaha &#128514",2
"""Will shank a bitch for ceviche""",2
"""Wow you are a bitch"" Yes that's already been established, anything else you have to say?",2
"""Y'all forget he has his brand new baby girl at home"" bitch the cookies are burning",2
"Yo bitch on the horn. Tryna shoot a porn."" - @KingL That's T shirt worthy Tony",2
"""Yo can I sublet your pussy"" #ShitFahdSays",2
"""Yo feet smell like my puss"" &#128514;&#128557; Whut ? ""Like flowers bitch"" &#128514;&#128557;&#9995;&#128553; omg",2
"""Yo mama, bitch."" RT @TheAceTJShow: What was the ONE sentence that ended your relationship?",2
"""You ain't my bitch"" is my favorite response to long texts",2
"""You and yo boys some pussy cats.""",2
"""You are a cunt""",2
"""You can pull more pussy with a dodge and collect them panties alright."" -stormy and jake &#128514;&#128514;&#128514;",2
"""You got hella hoes"" http://t.co/ZN1A0gsTpc",2
"""You ol trout mouth ass bitch"" DEEEEAAAADD",2
"""You talk like a fag and your shit's retarded. But that's cool scro, lot's of tards out there living total kick-ass lives!""",2
"""You're a garden rose, and that bitch is a weed.""",2
"""You're fucked up"" No shit you dumb ass cunt now go post pictures if your flat ass titties on ig slut",2
"""Your homeboy looking bad and you giving cash to them hoes""",2
"""are we bitches?"" - @chellyhernandez",2
"""bitch freak my shit""",2
"""bitch my vagina is a little more resilient than that"" -@rosestokoe",2
"""but I love him"" nah bitch that ain't love.",2
"""but pussy is the root of all drama an attribute put up in they head by they mama",2
"""call me Keyshawn Johnson cause im catchin erry hoe""",2
"""captain save a hoe"" is the most annoying phrase",2
"""day of judgement everybody gonna be looking at the big jumbotron watching me fuck this majjinn buu bitch""",2
"""don't let your side bitch settle in, I might have to headbutt you Evelyn""",2
"""dont show me no bitch unless she look like Dolly Parton!!!""",2
"""fuck you you pussy ass hater go suck a dick and die quick"" - Someone, to me, in Youtube comments. I think we'd be good friends.",2
"""hoes suck my dick cus i look like john stockton hit em wit the choppa, luke i am your fatherrr"" - @LILBTHEBASEDGOD",2
"""im gonna rip that bitch apart"" ""rip what apart"" ""lol""",2
"""its britney bitch"" - the bible (leviticus 7:58) http://t.co/ZoAkn1ZlHm",2
"""niggas bitches bitch ass niggas dike ass hoes black ass and bright ass hoes fag tags and scally wags""",2
"""no pussy, or not tryna go to the studio, don't CALL my mufuckin crib like that, god. Yo. Word up god I will BUSS YO SHIT, god, word up""",2
"""on my way to fuck your bitch in the name of The Lord"" - Mr. Race",2
"""riding with my bros still don't trust these hoes""",2
"""when guys say ""Latinas &gt;"" they mean the Kim Kardashian looking girls not you bitches that shaped like a mini fridge &amp; smell like tortillas""",2
"""you better pipe your pussy down over there""- @EsEx_Ruskii&#160;lmao wth does that even mean?",2
"""you fucking pussy you couldn't even beat your dick."" - Angry Youtube Comment",2
"""you're being a cunt right now"" -@RQ978",2
# That son of a bitch moment when it rains and you forget your car windows are down,2
"#10ThingsThatGetsOnMyNerves Needy hoes, ratchet Hoes, sideline hoes, Beggin' hoes, dumb hoes, looking for love on Facebook hoes..",2
#5WordsAfterSex is that all pussy bitch?,2
"#AZmonsoon lot of rain, too bad it wasn't enough to wash away the teabagger racist white trash in the state. #Tcot #teaparty #azflooding",2
#AlexFromTarget had them bitches wet...lmmfao,2
#AsAGiraffes pussy http://t.co/YaaTsF52tu,2
"#BOB Bass over bitches @HankJohnson11 bitches on his dick, fishes on the dock",2
#BangBangBirdGang ya bitch you!!! 56 -fruit loop,2
#Bartending becomes a real bitch when you the #bartender are way way taller than the bar was designed for. Holy back pains.,2
"#BigBird was made by a gay couple. So yes, under a GOP world the bird would not have existed since its creators would be in jail for sodomy.",2
"#ChristianBale should be KISSING #Moses ass for his fight with God, OTHERWISE WE MIGHT ALL BE FUCKING DEAD&gt; #retarded #ass #actor #faggot",2
#DTLA is trash because of non-Europeans are allowed to live there.,2
"#DUH @Transhuman_: That's because they're possibly tucking a penis ""@EmperorIra: This bitch got man boobs http://t.co/VJvXwLrJoP""&#8221;""",2
#DegenerateArtist Isn't a bitch walks back his words&gt; Isn't a WITCH who questions a TURD&gt; I'm a GLITCH WHO EVOLVES YOUR ABSURD!!!!!!!!!!!,2
#Havok is one bad bitch wouldn't wanna mess with her #TNA IMPACT,2
#IDontHaveTimeFor Ratchet hoes.,2
#HonestyHour in middle school hoes used to call me a Mandingo warrior,2
#IHopeSomeday that these hoes just find their own relationship instead of ruining others,2
"#IStandWithRand Wise up RINO pussies, real leaders like Rand, Cruz, Lee, Bachmann etc. actually exist. Fight or go home. #TeaParty",2
#IfWeDate i eat da pussy better than a lesbian.,2
#MyUnpopularOpinion Spanish bitches suck dick by 11 and have babies by 15 because they're already fine and dressing slutty.,2
#OnlyInAMichaelMyersMovie bitch is running a hundred meter dash on this niqqa WHOS ACTUALLY TAKING HIS TIME WALKING &amp; u still get killed,2
"#PeopleToAvoid Valerie Jarrett, so I control my reflex to bitch slap her.",2
#PeopleWhoMadeMy2013 my little brother and i hate to admit it but @DirkAlisic and he knows why. but he's still a lil bitch though. fuck you!,2
#QTNA RT @Major_K8: How y'all bitches gon breast feed wit nipple rings? &#128563;&#128534;,2
#RayRice is a bitch. #JustSaying,2
#RayRice is still a bitch. @NFL got this one wrong. Women fans should be livid! #NoExcuses,2
#ReasonsWeCantBeTogether if u was talkin to my nig or smashed da homies,2
"#ReasonsWhyWeDontGetAlong You're a hoe. Stop focusing on sucking dick, focus on getting rich",2
#Royals Milwaukee let Yost go.Now they wished they hadn't cause they suck.How about now.He's the guy win or lose. Yankees fire Girardi &#128073;Yost,2
#That son of a bitch moment when you finally get in bed and your bladder decides its time to piss,2
#That son of a bitch moment when you turn the radio on and your favorite song is on but its the end of the song,2
#That son of a bitch moment when your walking through your house in the dark and stub your little toe on the wall,2
#TheMostAnnoyingThingsInLife people who are NEVER happy and bitch-n-moan 100% of the time,2
#ThingsIWillTeachMyChild how to play deez niggas n bitches dat be snakes,2
"#TrayvonMartin referred to Zimmerman as a ""creepy ass cracker"". Racist thug",2
#TweetLikePontiacHolmes&#160; I do the Pontiac sprinkler... Nigga nigga nigga nigga spic spic spic spic nigga nigga nigga nigga,2
"#TweetLikeYourBestfriend ""I made out with 3 bitches!"" @lilkrebs",2
#WhatWouldYouChangeAboutYourPast the hoes I wasted time with,2
#WhyIHateInstagram it can make a bitch cheat up to four points on the scale of 1 to 10,2
#YesWeDid .....tattoo our bitches to corrupt as many men as possible to #Egypt and being a #cattle #prod #vote&gt;,2
#agreed &#58399;&#58399; RT @oliviaMrose: There are a few badd ones but idk..mixxed bitches is really where its at tho,2
#YouWillNotBeTakenSeriouslyIf you're proud to be white trash #KedollarSignHa,2
#bad ass #local #bitches,2
#honestyhour we don't love these hoes,2
#honeybadger bitch,2
"#inktober #twentysix #gouache #mt snappy pappy and his bitch 3.5x2.5"" good thing sable paintbrushes&#8230; http://t.co/4gYBEI5Mkl",2
#klokus this bitch has his nose pierced &#128514;&#128514;&#128514;&#128514;&#128514;&#128514;&#128514;&#128514; https://t.co/1Ia8Nx6zrS,2
"#metal only, honkies!",2
#nowplaying witcha bitch pussy pussy inda hood ona sofa.wit plastic on it,2
#pause but niggas is bitches tho RT @CornerBoyP: Boy niggaz b so bitch made u cud kiss em n da mouth!!,2
"#porn,#android,#iphone,#ipad,#sex,#xxx, | #Anal | Anal gaping tranny play panty nylon part http://t.co/35oTesnwmx",2
"#porn,#android,#iphone,#ipad,#sex,#xxx, | #Anal | BBC Anal creampie bitch http://t.co/3XNeG5mnRk",2
"#porn,#android,#iphone,#ipad,#sex,#xxx, | #Anal | Blonde tranny ass fucked http://t.co/80aRX0QJxz",2
"#porn,#android,#iphone,#ipad,#sex,#xxx, | #Anal | Hardcore british queer anal pounding http://t.co/lRuEixMy21",2
"#porn,#android,#iphone,#ipad,#sex,#xxx, | #BBW | Brazilian BBW Babe Drilled in pussy and ass http://t.co/Z7ksrFpmz9",2
"#porn,#android,#iphone,#ipad,#sex,#xxx, | #Babe | ebony babe pussy http://t.co/3MxBXeZqxR",2
"#porn,#android,#iphone,#ipad,#sex,#xxx, | #Beach | Caught a girl rubbing her pussy in nude beach http://t.co/h8lGiTFYie",2
"#porn,#android,#iphone,#ipad,#sex,#xxx, | #BigTits | Cute preggie slut big tits plays with swollen pussy http://t.co/iTCpEBCem",2
"#porn,#android,#iphone,#ipad,#sex,#xxx, | #Close Up | Another pussy close up http://t.co/hBjDGvENXa",2
"#porn,#android,#iphone,#ipad,#sex,#xxx, | #CloseUp | Squirting pussy and fingered asshole http://t.co/bKYeoUwWv2",2
"#porn,#android,#iphone,#ipad,#sex,#xxx, | #CloseUp | amateur pussy player milf close up http://t.co/2uHL7dhHu1",2
"#porn,#android,#iphone,#ipad,#sex,#xxx, | #CloseUp | cumshot on beauty pussy closeup http://t.co/UonsdrAuV0",2
"#porn,#android,#iphone,#ipad,#sex,#xxx, | #CloseUp | pussy fuck close up http://t.co/0dvaZWLq2q",2
"#porn,#android,#iphone,#ipad,#sex,#xxx, | #CreamPie | Young Japanese girl&#8217;s hairy cunt cre http://t.co/l46q7MoGGr",2
"porn,#android,#iphone,#ipad,#sex,#xxx, | #Desi | Spicy Oriental Paki Brunette sucks an un http://t.co/OrP642PomF",2
"#porn,#android,#iphone,#ipad,#sex,#xxx, | #Ebony | ebony texas bbw with big deep pussy http://t.co/dBbxsoW8M2",2
"#porn,#android,#iphone,#ipad,#sex,#xxx, | #Erotic | Erotic and wild tits and pussy fucking http://t.co/8HkC56j7c9",2
"#porn,#android,#iphone,#ipad,#sex,#xxx, | #Facial | Blonde tranny whore gets rammed and facialized http://t.co/Kd9nU3tmWz",2
"#porn,#android,#iphone,#ipad,#sex,#xxx, | #Fisting | Dude fists his wife&#8217;s big pussy http://t.co/snFAf5Uxxb",2
"#porn,#android,#iphone,#ipad,#sex,#xxx, | #Fisting | More lovely sounds of fisting a loose pussy http://t.co/1PMAGSPkud",2
"#porn,#android,#iphone,#ipad,#sex,#xxx, | #Hairy | 21 year old hairy pussy cumming on fingers http://t.co/KvgoxkN9vG",2
"#porn,#android,#iphone,#ipad,#sex,#xxx, | #Hairy | Hairy Florence shoves a dildo in her hairy red pussy http://t.co/4DM8Fpcb2d",2
"#porn,#android,#iphone,#ipad,#sex,#xxx, | #Hairy | Hairy pussy http://t.co/9DOIbSkT17",2
"#porn,#android,#iphone,#ipad,#sex,#xxx, | #HandJob | Hand job and cum on rubber pussy http://t.co/zGcnmR2kLA",2
"#porn,#android,#iphone,#ipad,#sex,#xxx, | #HiddenCams | Amateur boy fucking bitch hiddencam http://t.co/Bt8C6qQCTd",2
"#porn,#android,#iphone,#ipad,#sex,#xxx, | #HiddenCams | Candid pussy shots from a hidden c http://t.co/IKpJ0etz71",2
"#porn,#android,#iphone,#ipad,#sex,#xxx, | #HomeMade | Home made. My wife rubbing her pussy http://t.co/ldb9aFwVdM",2
"#porn,#android,#iphone,#ipad,#sex,#xxx, | #HomeMade | Using my submissive bitch outdoor. Home made amateur http://t.co/Fu6AggzHQd",2
"#porn,#android,#iphone,#ipad,#sex,#xxx, | #Italian | my baby pussy http://t.co/1O7AJdBjLc",2
"#porn,#android,#iphone,#ipad,#sex,#xxx, | #Korean | korean girlfriend pussy http://t.co/Od1MQUudnN",2
"#porn,#android,#iphone,#ipad,#sex,#xxx, | #Latina | Latina chick gets her pussy pumped http://t.co/4dhwuI5ARd",2
"#porn,#android,#iphone,#ipad,#sex,#xxx, | #Latina | Latina mature Big pussy http://t.co/D4ICvCz1Bk",2
"#porn,#android,#iphone,#ipad,#sex,#xxx, | #Latina | Latina with tight pussy http://t.co/rDaOnqVr1H",2
"#porn,#android,#iphone,#ipad,#sex,#xxx, | #Lesbian | Lesbian girl eating pussy http://t.co/Ht9szL3b24",2
"#porn,#android,#iphone,#ipad,#sex,#xxx, | #Lingerie | Bitch in lingerie getting her wet cunt pounded http://t.co/Jp4r2vPyCb",2
"#porn,#android,#iphone,#ipad,#sex,#xxx, | #OldYoung | Old bitch pleases hot-looking young stud http://t.co/aIDKdmztLn",2
"#porn,#android,#iphone,#ipad,#sex,#xxx, | #SmallTits | Small tits ghetto whore fucking with not her stepdad http://t.co/Ay6gRNTOUw",2
"#porn,#android,#iphone,#ipad,#sex,#xxx, | #XXX | homemade pussy eating &#8211; http://t.co/2yuIdrLN3k http://t.co/Z8GAiWlLye",2
"#real RT @ImTooMuch: RT @d_lac: RT @WeavusChrist: RT @Tone314: Don't tell me if my gf was a hoe before me, if I'm happy.",2
#realtalk if you a hoe an try to get serious with someone don't expect to be anything more then a piece of meat to them,2
#tbt me being a bad bitch http://t.co/Jc4bKbe8Vt,2
#tbt to when i used to be good at rapping...now ima bitch &#128542;&#128299; http://t.co/6RV4jiJpRD,2
#throwback to being bitches &amp; drinking Mikes bc we sucked @AutumnMaye http://t.co/jfCthdEDcz,2
#truefriendtuesday my bitch @drrrruuuu http://t.co/7dSZ3vCySz,2
#tweetlikelexi Nah we not gonna sit down we gonna walk it out bitch.,2
#ultimatepickupline bitch get naked. Works 10 times out of 10 if she's drunk :),2
#wallofthewasatch bitch!,2
#wcw all the bad bitches &#128069;&#128166;,2
$100 bid to go on a date with Zack Morris oh that dreamy son of a bitch,2
"#wrongfilmquotes ..everytime I come in the kitchen you in the kitchen, in the goddamn refrigerator. Eatin up all the pussy",2
#xfactorau sick of guys who sing like pussies. Where are the rock type men?,2
#youaremoreattractive if u a real bitch!,2
"$60 torch down the drain cause either I was to high and lost it or one of my ""niggas"" finessed that hoe fuckkkkk ittt",2
&#128064; RT @Freegeezy17: This hoe got a school shirt on sucking dick &#128553;&#128553;&#128553;&#128553;&#128553;&#128553;,2
&#128064; RT @Mr_QuenchYaGirl: A lotta fck niggas on this here Twitter. Really be talking like bitches.,2
&#128064; bitches giving back rubs ?,2
"&#128073; RT @OeauxMar: Nigga was smashing his hoe, had his hoe paying for a condo and he still with her &#128514;&#128514;&#128514;&#128514; Yep Fucboy",2
&#128073; RT @OfficiallyIce: #GuiltyPleasure watching niggers fight on YouTube/Vine/IG,2
&#128073; RT @Pr3ttyN33: Don't like me ??? Have a &#128186;with the rest of the bitches waiting for me to give a fuck &#128540;&#128129;,2
&#128073; RT @_WSBG: I'd rather be called nigger than a uncle tom or a mark,2
&#128073;RT @Str8_no_Chazer: Bet y'all bitches was deaf to MC Lyte's words about being treated like a queen huh,2
&#128077;RT @kwagiheath: One'a y'all b!tches gon end up dead over a screen shot thinkn that sh!t funny...ain't too many niccas gon laugh at that b!,2
"&#128079; congrats you've turned a hoe into a housewife, don't get shitty when your guys start singing they hit it first. #ButThatsNoneOfMyBusiness",2
&#128095;&#128095;&#128095;&#128095; got ur bitch tip toeing on my marble floors.......,2
&#128119;&#128119; you needa stop sucking dick hoe &#128514;&#128514;,2
&#128128;&#128128; RT @monique504Q: &#128557;&#128128; &#8220;@ByeKandace: hop off hoe. RT @KekePalmer: Come on @KSTiLLS!!! &#128079;&#128079;&#128079;&#128079;&#128079;&#128079;&#128079;&#8221;,2
&#128149;&#128149;&#128149; pussy ride dick like she a Jamaican / \ / &#128167;\ . */. &#127796; |. &#165;~ ! &#127796;. | &gt; \ &#128043; $. / &#127806;\ ; &#128043; ) &amp;&#128043;*,2
&#128165;&#128162; on the pussy http://t.co/mWXQnjm4So,2
&#128175; RT @DammitHamm_: Loyal pussy .,2
&#128175; my bitch &#128079;&#128523;,2
"&#128514; Gucci b having me on my rude shit&#8220;@AmazinNaNa: Lol that's not nice ""@SMCo71: "" that bitch aint worth a quarter """"&#8221;",2
&#128514; bruh these hoes gotta be stupid.,2
&#128514;&#128514; &#8220;@JusDahl &#8220;@JustKorey &#8220;@JusDahl: Y'all have boring sex.&#8221; Nope.. I lick the side of my bitch face when I'm hittin it from the back&#8221;&#8221;,2
&#128514;&#128514; My stomach in pain like a mufucka RT @OwIPharaoh This the nigga that's rating bitches 3/10? http://t.co/yFlFuBJ2Po,2
&#128514;&#128514; bitches get stuff done. http://t.co/GvFpk65ah5,2
"&#128514;&#128514; niggas sending screenshots of me to they bitches like "" stop texting cuh "" &#128557",2
&#128514;&#128514; this white bitch think she miley cyrus &#128557;&#128557; http://t.co/lFfy5HvcNa,2
&#128514;&#128514;&#128514; &#8220;@snapbackBLAC: i seen a thot ass bitch in some high top whites&#8221;,2
&#128514;&#128514;&#128514; Nicca gotta team full of worsum hoes,2
"&#128514;&#128514;&#128514; RT &#8220;@TuneLuciano: this hoe just DM'd me sayin ""never give up in your dreams""...fuckin fortune cookie ass hoe, fuck out my DM's&#8221;",2
"&#128514;&#128514;&#128514; RT@gxdlyvisuals: ""bitch i know you got games on your phone"" http://t.co/I2HyINFIdW",2
&#128514;&#128514;&#128514; bitch my lrt,2
&#128514;&#128514;&#128514; burnt pussy lips,2
"&#128514;&#128514;&#128514; i just said that RT @BoyThats_ARYAH: My TL gotta chill with this pretty face challenge foolishness, y'all hoes agg",2
&#128514;&#128514;&#128514; nah if you round me you do Molly &#8220;@CallNeeshCakey: Only bitches with no nigga do Mollies...&#8221;,2
&#128514;&#128514;&#128514; played that nigga smh &#8220;@sexualgifss: bitches are so shady... oh my god &#128514;&#128514; http://t.co/1VhC9LqsKg&#8221;,2
"&#128514;&#128514;&#128514;&#128514; &#128128;&#128128; &#8220;@LisforLex: No bitch go away &#9995;""@subnorbot1: @Tats_NSnapbacks @LisforLex @LisforLex tu puta madre @carlosnoodles""&#8221;",2
&#128514;&#128514;&#128514;&#128514; @shoota1017 bitch was mad af https://t.co/9C4i4W7Q7D,2
&#128514;&#128514;&#128514;&#128514; I hate you! RT @YumiYoko: Cyrus ho is a rookie slut. getting the cash after the date? nope nope nope.,2
&#128514;&#128514;&#128514;&#128514; RT @MREEUH: when you're trying to relax but your pussy is shooting out light beams http://t.co/5eHbmr8TKo,2
&#128514;&#128514;&#128514;&#128514; RT @SMASHaVelli: Murda out here sucking bitches &#128514;&#128514;&#128514;&#128514; #howDhow?,2
&#128514;&#128514;&#128514;&#128514; bitch if you're the hobbit you need to let me know right now &#128514;&#128514;&#128514;&#128514;&#128079;&#128079;&#128079;,2
&#128514;&#128514;&#128514;&#128514;&#128514; brittany bitch u my dog man &#128514;&#128514;&#128514;&#9996;&#65039;&#9996;&#65039;&#128553;&#128553;&#128553;&#128553;&#128553;&#128553;&#128569;&#128569;&#128584;&#128584;&#128584;&#128584,2
"&#128514;&#128514;&#128514;&#128514;&#128514;&#128514;&#128514;""@betysweetcocker: That pussy is just....&#128561; imma assume she just had a baby like..the day before""",2
"&#128514;&#128514;&#128514;&#128514;&#128514;&#128514;&#128514;&#128514;""@AlisaRenee: you a faggot if you eat pork chops.""",2
&#128514;&#128514;&#128514;&#128514;&#128557;&#128557;&#128557;&#128557;RT @KfromtheG: Mexican bitches shaped like silly puddy!,2
&#128514;&#128514;&#128514;&#128514;RT @KfromtheG: You a hoe if ya grandma got a tattoo,2
&#128514;&#128514;&#128514;RT @LiViBADD88: cheap hair.. cheap dresses.. cheap shoes.. tacky ass little bitches,2
&#128514;&#128557; I have to explore the pussy out there @Austin__321 http://t.co/GER0IPaBPA,2
"&#128514;&#128557; RT @kiaaXO_: RT @sweetbre_xo: Lmfao ""@BeingMsDaisy: WTF kinda pussy my mom think I got, buying this shit. &#128530;&#9995; http://t.co/uZvnXQFMFn""",2
&#128514;&#9995;&#8220;@iSell_Pussy4EBT &#8220;@Sco_ForIt bucket RT &#8220;@iSell_Pussy4EBT: Trash &#8220;@_manlookaKeedY: All you bitches is my SONS &#128520; http://t.co/LrMBWFPMaE,2
&#128514;RT @1BaD_dOc: I hate when people get on my bad side cause I honestly don't like to act like a bitch,2
"&#128518;""@QbF150: On a leash &#128555;RT @80sbaby4life: Just pussy &#128553;",2
&#128520;&#128525;&#128176; - your my BFFL. I love you ya funcy bitch &#128514; I went Finna be faded &amp; shaded on ya C Day &#128153; #WEDEMGIRLZ &#128520;&#128526;&#128176;&#128526;,2
"&#128527; haahaa ,dumb bitch",2
&#128530; RT @coldhearted9_: &#8220;@11wdNICK: Still can't see what niggers see in them white hoes....&#8221;&#128563; don't do this everrrrrr,2
&#128530;RT @LiViBADD88: so many pretty bitches coming to my birthday dinner &#128556,2
&#128530;RT @SedSince81: niggers RT @VonshayeB Before any moves are made... my black ass must take a nap!,2
&#128532; RT @MichyDoe: Every week them hoes partying ! I see them hoes in every city partying for an event,2
&#128543; &#8220;@DubPeeWorld: So the new wave is bitches wearing mini shovels on their hand&#8221,2
&#128553; cunt,2
&#128553;&#128514; RT @willieBEAMINN: @_VinChi3 bitches they get bat or sumn *ak voice*,2
&#128553; monkey mad,2
&#128553;&#128553;&#128514; damn roaches got dicks n pussy to be doing this lol??? http://t.co/OiIxcfos3m,2
&#128553;&#128553;&#128514;&#128557;&#128557; RT @Eb_Reloaded: @11wdNICK @KingHov1313 swear to God bitch I'm bouta delete my twitter account http://t.co/YPi52s4dtC,2
&#128553;&#128557; RT @Freegeezy17: My Co worker talking about what's my twitter name Oh no hoe you could never screen shot me to the boss,2
&#128555;&#128555;&#128555;&#128555;&#128555;&#128532;&#128532;&#128532;&#128532;&#128532;&#128532; this fucking bitch Rachel needs to die please,2
&#128555;ugly bitches get no love,2
&#128557; RT @KingHov1313: I be thinkin Errbody wanna give me some pussy!&#128553;,2
&#128557; RT @That_Mclovin: &#8220;Yass bitch Yass &#128128;&#128128; @VikkiNoSecrets: Too soon? &#128514;&#8221;,2
&#128557; RT @TrashAssTweets: When you wake up to bae being a hoe on the TL http://t.co/rbxh33ounM,2
&#128557;&#128557; RT @KingHorseDick: Welp RT @ThePlasticPope The prettier bitch usually loses lol this Is science,2
&#128557;&#128557; RT @KingHov1313: Niggaz get free pussy off of bounce beats alone!&#128584;&#128557;&#128557;&#128557;&#128557;,2
&#128557;&#128557;&#128557; Foh RT @MizzCreme: #IDGT RT @eTheHustla: Good pussy don't neva get tired!!!,2
&#128557;&#128557;&#128557; RT @EsckmoTrent: I swear Niggas use to step one foot off the bus and bitches would be like NEXTTTT &#128553;&#128514;&#128514; http://t.co/XjKUdt4BUB,2
&#128557;&#128557;&#128557; RT @VineForTheByrd: Bae: go text your hoes Me: https://t.co/5PAfEceL1i,2
&#128563; RT @UBoyRock17: &#128557;&#128557;&#128557; these hoes selfish,2
"&#128563; RT @ariluvsall: Niccas y'all need lives, money, pussy, hobbies, or sum guidance ... Bunch of Petty miserable dick n a booty ass Boys ...",2
&#128563;&#128563;&#128563; RT @winterlove___: &#8220;@thisisyoungdj: Every girl got a #wcw and fake gay til it's time to eat sum pussy. But I'm &#128564;&#8221; not me &#128523; lol,2
&#128563;well damn.. RT @JackTheJokster: When ya side hoe claims you as her boyfriend https://t.co/jTJ2jJTfto,2
&#128583;&#128583;&#128583;&#128583; can y'all females let this sink in for min? Moment of silence to get y'all bitches thinking right? http://t.co/cDN0dEYCkO,2
&#128588; RT @iDO_me2: this vodka be having all the hoes bent over&#128553;&#128131,2
&#128588;&#128588;&#128588; RT @MidCityAce: Y'all excited about that strip mall being built in Louisiana and Claiborne?? That bitch gone be in fiya!!!! &#128514;&#128514;,2
&#128588;&#128591; RT &#8220;@PlanetPOB: Real Men eat pussy.&#8221;,2
"&#128588;RT @Ke2yourheart I don't want my man txtn, tlkn, lookin, yet alone speakin to you hoes. I'm not insecure at ALL. y'all hoes CANT BE Trusted",2
&#128588;RT @Nay_btw It amazes me how niggas can fuck w/ EVERY bitch but when a nigga try to talk to his bitch he wanna cry about it&#128533; I need answers,2
"&#8220;@0ddtoddler: When people refer to their girlfriend as their ""bitch"" &#128528; ....&#8221; I know how it sounds but it's how we mean it lol",2
&#8220;@1muneyy: Had to unfollow that bitch .. thot bitch got me fired from Sonic&#8221;she must've tweeted,2
"&#8220;@21Cvasquez: My brother is a bitch, pussy, faggot, etc.&#8221; you just like getting beat up don't you?",2
"&#8220;@2Blunts1Jorge: Lol bitch funny, i was over you from the min i tossed your ass to the curb&#128567;&#8221; &#128588;&#128557;",2
&#8220;@ABadBitchCost_: omg yall should see this bag of weed dog this bitch like a .3 fasho lmfaooooo&#8221; &#128553;&#128514;,2
&#8220;@AC_Hussle: 98% of women were sluts freshman year of college.&#8221; Let these hoes be great,2
&#8220;@ALaQuannD: Woaaaahh that coat though lol&#8221;nigga too warm in that hoe,2
&#8220;@A_Brown_30: Lmao Dylan just got called a pussy by Mr O himself @wagggggie&#8221; takes skill &#128527;&#128170;,2
&#8220;@Adrianmayer99: Fucking pussy&#8221; @JosephNoonan2,2
&#8220;@Al_Teez: Fuck the cowboys. My birthday in two days hoe!&#8221;&#128530;,2
&#8220;@AlanaaaXP: Some of yall hoes nasty yall find out yall sharing or shared dick with a dirty ass female and still fuck the nigga &#128567;&#8221;,2
&#8220;@AllEyesOnKIE: Been watching madea plays every night &#128514;&#8221;singing ass bitches,2
"&#8220;@AlmightyCBoogie: @BenBornReadySMU @vivalakristia ion wanna hear it, then hoes faker than Momma Dee's teeth&#8221;&#128128;&#128128;",2
&#8220;@Alondra_Lu: Ain't that a bitch&#8221;,2
&#8220;@AmandaBynes: I Want You To Be Pussy Whipped&#8221; I'm yours,2
"&#8220;@Amillinati_: Bro like I really enjoy like eating pussy from the back... It makes it more nasty, I like nasty haha &#128520;&#8221;you like eating ass 2",2
&#8220;@Ann_E_Lizabeth: I can't stop being a lil bitch&#8221;,2
&#8220;@AnthonyCumia: RT @ispfemme: Another Jersey fail - what a cunt http://t.co/1tZpbHgMhP -No pics needed. Animal.&#8221; Dem coloreds be wack,2
&#8220;@Ashley_J12: Shout out to my momma cuz she didn't raise no hoe! &#128076;&#128079;&#128588;&#8221,2
&#8220;@AyyyeThatsChubb: I wish i had my dad in my life but the bitch ass nigga still think im not his child!&#8221; LMFAOOOO but damn that's sad cuh !,2
&#8220;@BINDLE13: My momma aint raise no hoe&#8221;,2
&#8220;@B_Davis0529: SMDH Eagles fans. You a bitch! RT @MikeMiss975: Hey Giants fans: Victor Cruz is over. Dance to that.&#8221; Hey watch it,2
"&#8220;@BaabyD_: ""cause i look great bitch, fuck you mean?"" &#128557;&#128514;&#128514;&#8221;",2
&#8220;@Badazz_jspates: I'm suppose to eat yo booty bitch wym&#8221; &#128557;&#128557;&#128557,2
"&#8220;@Banqq_Jayy: ""@1Jayee: &#8220;@ItsKeeJay: I can't remember all the girls I've smashed &#128563;&#128584;&#8221; On God.&#128588;""hoe shit&#8221; Not technically, it takes &#9996;&#65039;.",2
&#8220;@BarryClerjuste: I cried like a bitch after my first breakup. Never loved again lol&#8221;,2
&#8220;@BasedChasen: Chad Jordan in this bitch&#8221; I'm crying,2
&#8220;@BeardedGemini: &#8220;@GinaSanabria_: I have no hoes because yah nigga ain't shit&#8221;&#8221;,2
"&#8220;@BeenSlimm: Too many ""lil niggas"" on my TL. http://t.co/vqGezMMwWs&#8221; boosie got hoes",2
"&#8220;@Benkasso: I'll beat the pussy up, that's a hook right thur&#8221; &#128064;",2
"&#8220;@BigMamaaTee: There's a difference between being actually crazy &amp; aspiring crazy&#8221; real shit . I can't stand ""fake crazy"" bitches",2
"&#8220;@BixxhMakeMeRich: If u ask me, every bitch gay&#8221;or ""bi""",2
&#8220;@Black_Angelo25: First time with 3. Lol http://t.co/mITmFPvVLw&#8221; yuhhhh we hit that hoe!!,2
&#8220;@BlueEyeBeaner: lesbian pussy taste like rainbow trout!&#8221; #lezzzbehonest,2
&#8220;@Boobah_: What's the symptoms for Ebola? My stomach been hurting b. I'm nervous&#8221;bitch you better not be we was drinking out same bottle,2
&#8220;@BookerTweet_: There's starving children in Africa but this bitch using bananas to plug her butt hole smh http://t.co/DjPgA7QAy5&#8221; wtf?&#128514;&#128514;,2
&#8220;@Bossman_Carl: I just wanna do something for somebody&#8221;boy sound desperate than hoe how you bout you start off and flat that nose of yours,2
&#8220;@CMRE24 &#8220;Sum wrong with the pussy&#8221;- Sweets&#8221;smh,2
&#8220;@Caiivs: On some real shit if I catch this bitch it's game on.&#8221;,2
&#8220;@CallNeeshCakey: I wanna go to this lil shit tonight...but the way how bitches faces be set up ...I be wantin to slap em when I see them&#8221;&#128553;&#128557;,2
&#8220;@CallNeeshCakey: Kannie &amp; Vonnie some Tiny ass bitches&#128557;&#128557;&#128557;&#8221;&#128557;&#128079;&#128079; I HATED when you and crissi started calling us little body bitches in Hawaii,2
&#8220;@CauseWereGuys: One wrong move and consider your bitch mine http://t.co/01VJZqnaHh&#8221; @its_gabbyElla @Lyssa_Rae16,2
"&#8220;@CayMarieee: I really hate this bitch, but she knows me best &#128149;&#128153;&#8221;",2
&#8220;@CelebovickOTF: I hate a bitch that like to argue n shyt....:-)&#8221;,2
"&#8220;@ChanelleLeee: you boney little hoe ""@wizkhalifa: Smile for the day. http://t.co/DcXdFtjSjt&#8221;&#8221; This is funny? :/",2
&#8220;@Chris_cooper907: @AK_Mueller @B_Reason18 its Brandon motherfucking reason.&#8221; He's a bitch nigga,2
"&#8220;@Chrissy_Cindy: ""WAKA TAMMY JUST GOT HER ASS BEAT""... http://t.co/9in5IysnpI&#8221; Ctfu how Niggas be they don't ever have they bitch back &#128514;&#128514;",2
"&#8220;@Chrissy_Cindy: If a bitch tweet ""I lose interest fast"" slide in her DMs cause she a Thot&#8221; good looks",2
&#8220;@ChrizzyFive: Trying to run game on me u dumb bitch !!&#8221; @ her tho,2
&#8220;@Cinnnthia_: I'm just a bitch for no reason. I think I'm funny sometimes&#8221,2
"&#8220;@CiscoAllDay: If Miley really got knocked up by Juicy J that shit is wild.... &#128563;&#8221; didn't he say ""u say no to ratchet pussy Juicy J can't""",2
"&#8220;@CoIlegefessions: ""Finally got a hot bitch to dance on me, came in my pants while she was grinding on me. Lost that chance""UW-Madison&#8221;lmao",2
"&#8220;@Coley_Cee: @lil_aerii @__yhanaaaa @DTHANG_ lmfaoooo, bitch don't start.&#8221; Okay bitch",2
&#8220;@Coley_Cee: @lil_aerii helloooo bitch?!&#8221; Bitch no ones available,2
&#8220;@Coley_Cee: @lil_aerii upload our pictures&#8221;. Wat pictures bitch,2
&#8220;@ComedianSpank: Where the hoes at&#8221; shit u got em,2
&#8220;@CommonBlackGirI: bitch that's ham on her face http://t.co/vSRAyShD5Y&#8221; @rachel_dority,2
&#8220;@DJZeeti: RT @DJZeeti: Black bitches turn 60 buy a hat and act like Jesus forgot they was fucking niggas in the park&#8221; LOOOOOL,2
"&#8220;@DStacks__23: If you aint got shit goin for ya self, what bitch gone want you&#8221;&#10071;&#65039;&#10071;&#65039;&#10071;&#65039;",2
&#8220;@Da_LoveBelow @bdvg_lat @DrTruth247 yall bare hoes yall dnt care bout ??&#8221; I spent my childhood in a wild hood,2
&#8220;@Damino96: &#8220;I&#8217;m afraid of commitment&#8221; -A hoe&#8221;,2
&#8220;@Dat_Bitch_Jay: Omarion ol girl w/ this negative ass vibe ! I hate mamas like her &#128530; hoe need to be &#128165;&#128074;&#128165;&#8221;,2
&#8220;@DavetheBrave1: I wish you were here...&#8221; Stop crying bitch I'm omw back already haha,2
"&#8220;@DeePaul19: I ain't got no type, white bitches is the only thing that I like!&#8221; #dead &#128514;&#128557;",2
&#8220;@Ditto_Guwop: All these hoes been passed around to a Cleveland niggah&#8221;,2
&#8220;@DramaDough: &#8220;@naraBprettyass: Crip bitches b dusty asf&#8221;&#128514;&#128514;&#128514;&#128553;&#8221;&#128514;,2
&#8220;@DreamGirlsOnly: &#128525; http://t.co/w43KPs9Zp0&#8221; now this hoe bad,2
&#8220;@DrummerKid0328: Reggie gives me headaches my niggah &#128545;&#128567;&#8221;&#128175;&#128175;,2
&#8220;@DualWieldKatana: After you get done running train on a bitch thats on her period http://t.co/DWgHtGA936&#8221; &#128514;&#128514;&#9995; no that's nasty,2
&#8220;@DuhItsAdrii: How bitch how ?&#8221;&#128514; FRESH?,2
"&#8220;@EBR_Chiefington: Dej loaf ever bitch wc today, all it takes is a lil juice and these bitches want you&#8221;",2
&#8220;@FREDOSANTANA300: Up making plays&#8221; can I have my slut bitch girlfriend u always rap about back yet?,2
&#8220;@FliirtNextDoor: If yo pussy stank ; u wasn't raised correctly&#8221;lmao,2
&#8220;@FliirtNextDoor: Phat pussy &#128525;&#128553;&#128166;&#128166;&#128166;&#128520;: http://t.co/Cbel8h29e1&#8221;that looks like a scrotum,2
&#8220;@FreddieGibbs: Tea bag a bitch.&#8221; Pahahaha,2
"&#8220;@FriendlyAssh0le: 5'3 200 lbs aint thick bitch, you a fucking warthog&#8221;&#128514;",2
"&#8220;@FriendlyAssh0le: You fat bitches needa stop biting your lips when you take pictures. Y'all look hungry, not sexy.&#8221;&#128514;&#128514;&#128588;",2
&#8220;@FriendlyAssh0le: how bitches be looking the first day of school. http://t.co/OpSkH1xZGb&#8221;&#128514;,2
&#8220;@FukknTyler: @lil_aerii LIGHTSKIN MF LMFAOOO&#8221; ight white bitch lol &#128299;&#128299;,2
&#8220;@FunnyPicsDepot: bitch in the middle look like a daddy long leg &#128557; https://t.co/f2L8dpbrES&#8221;@KellieNehls,2
&#8220;@FunnyPicsDepot: how black bitches drive when they song come on https://t.co/u50OmK2JY6&#8221;@KellieNehls @smichellelo,2
&#8220;@GANGLANDABBY: What these bitches want from ah nigga &#128526;&#8221;,2
&#8220;@G_Anderson4: I'm Dre's a bitch tho&#8221; &#128527;,2
"&#8220;@G_Anderson4: Oh my dogs pussy is so tight, time to loosen it &#128527;.""",2
&#8220;@Garricka_: Ima just block you hoes out!&#8221;or block em either one lo,2
&#8220;@GlitteredInPink: You gotta fuck every race just to see which dick/pussy you like the best.&#8221; tho,2
"&#8220;@Godbody_ream: I couldn't hit a woman with a penis and pussy, I don't care how sexy or rich she is&#8221;&#128563",2
&#8220;@Goldmind___: Smoke good weed with a bad bitch&#8221;&#128079;,2
&#8220;@GreatScottnyc: Can't a bitch living say I brought her MICHAEL Kors&#8221; we need more guys like you &#128588;,2
&#8220;@GreaterThn: for all the bad bitches out there http://t.co/ESXBexvKEs&#8221;Lets go have some fun&#128536; @ambernicolee05 &#128514;&#128514;&#128514;,2
"&#8220;@GrumpyCatTalkin: I'm sorry I offended you when I called you a bitch, I honestly thought you knew.&#8221;&#128514;&#128514;&#128514;&#128514;&#128514;",2
&#8220;@HaiFuckedYoGirl: Eat her pussy nd look at her like this &#128540;&#128541;&#128540; http://t.co/ksazoyurxv&#8221;@KellieNehls,2
"&#8220;@HerMoufPiece: They be hating on my girl tho, but they wish they was the bitch they hating&#8221; this song go",2
&#8220;@Hermosa_Jayy: Can I bring anotha bitch or nah &#128527;&#8221,2
&#8220;@Hi__________Bye: Damn this bitch always gets hit on by The hottest guys n makes them feel stupid @UglyAssAyeKay&#8221; i got called an ego kil,2
&#8220;@HighClassCapri: @what_evaittakes no bitch hurry up lol&#8221;im so hungry I can't focus&#128553;,2
&#8220;@HighClassCapri: @what_evaittakes woke up and bitches was not here lol&#8221;I wasn't angry wit my hoes&#128514;,2
"&#8220;@HighClassCapri: Ima show my ass tonight, I can feel it &#128586;&#8221;omgggg I was thinking the same shit bitch&#128553;&#128553;",2
"&#8220;@IAmClatonBigsby: Bout to ride my horse, to come fuck yo bitch.&#8221;Ooh @ em tho",2
"&#8220;@IG4hunnit: Yeah you played me, Yeah you got what you wanted. But jokes on you, You about to be a daddy bitch. http://t.co/zCVdyVhvc7&#8221;bruh&#128557;",2
&#8220;@Iamjayla__: @WB_Pooh_3x Bol that called the girl a bitch&#8221;Oharrd coo I'm both of them tho &#128526;&#128076;&#128175;,2
"&#8220;@IsThatJamesBond: ""@BluntsNextDoor: Good pussy have a Nigga like http://t.co/PSBglHnq8Q"" funniest thing I've ever seen on my tl &#128557;&#128557;&#128557;&#8221;",2
"&#8220;@JabbCaesar: &amp; these bitches bound to get hurt, cause a lotta these niggas be playin&#8221;hell yeah",2
&#8220;@JasminePhillies: wulf bitch http://t.co/foejLgirAd&#8221; thank you&#128079;&#128079;&#128079;&#128079; http://t.co/daHQZU040n,2
"&#8220;@Jay050709: Liking all my pictures to get a follow ass bitches &#128514;&#128514;""&#128557;&#128557;&#128557;",2
&#8220;@JayStacks25: I might fuck around and fuck yo bitch &#128520;&#128175;&#128527;&#8221; eat her ass when your steal her so you'll be a real ass nigga,2
&#8220;@Jaydillz: The day you unblock me you will become a man again. But that won't happen so you just a bitch.&#8221; @iDisrespectHoez lol,2
&#8220;@JestonaeLives: Burnt pussy lips - &#128514;&#128514;&#128514; https://t.co/1WhgfzBUkR&#8221; gal in the blue throwing it &#128527;,2
&#8220;@JoeBudden: The bad bitches are only bad until they start talking anyway.&#8221; He Preaching,2
"&#8220;@KINSL3Y: When I'm in that pussy, honey I'm home!&#8221; &#128514;&#128514;&#128514;",2
"&#8220;@KattWilliams: You can be a hoe without having sex, ask any of the girls texting alotta niggas at the same time.&#8221;",2
&#8220;@KingDakkar: These hoes out of control https://t.co/hZmf5maYva&#8221;LMFAOOO,2
"&#8220;@KinggKI Im drunk, I'm bout to bitch.&#8221;need a ride?",2
"&#8220;@Kxng_Jase: Versace Versace, I talk shit on twitter and so that bitch blocked me&#8221;@bremarie17",2
&#8220;@KyariesDa4: Ginobli dropping them bitches like a Delta line&#8221;. &#128514;&#128514;&#128553;&#9996;&#65039;,2
&#8220;@LakeshoreJohnny: Eliot was a pussy.&#8221; MMMMMETHER,2
&#8220;@LanaeCute_ass: My bitch bad she's a Puerto Rican &#128527;&#128540;&#8221;what song is that,2
&#8220;@Laneishaaaa: @Thompson_Era pretty boy face&#8221; Awee thanks faggot,2
&#8220;@LayaFace: We out! Brooklyn bound wit this money. Feelin like Yung Jeezy in this bitch! &#128299;&#128299; http://t.co/TOq4bFWnzG&#8221; LMAOOOO,2
&#8220;@Leelucas_: @100046729 @maxnostalgia http://t.co/F7D0mxCExj&#8221; bitch ima shake til I can't nomo,2
&#8220;@Leelucas_: @100046729 mo bitch the special Ed Darlene from backatown &#128514;&#128514;&#8221;&#128128; GN,2
&#8220;@Leelucas_: Going dumb on this essay&#8221;&#128514; bitch you sad,2
&#8220;@LeggsMania: the next time I see this bitch I'm beating her ass. job or not.&#8221; lol,2
&#8220;@LesterrNem: Bad bitches is the only thing that I like &#128074;&#128064;&#128074;&#8221;&#128073;&#128073;&#128073;,2
&#8220;@Livefromthe_A: These Niggaz bitches hiding behind gangs they ain't in &#128175; &#128056;&#9749;&#65039;&#8221; &#128588;&#128175;,2
&#8220;@LopezWhs: Niggas talk more then bitches these days&#8221;,2
&#8220;@LuaBoo: Niggas over 6'2 with long ass monkey arms make the best cuddle buddies....so I heard&#8221; ahaha a female told me this once&#128514;&#128514;&#128514;,2
&#8220;@M_Rad: I'm going to miss these bitches so much &#128557; http://t.co/lUpoqaT2R9&#8221; far right she resting on ol girl booty y'all funny as shit,2
&#8220;@MaRAtheeMODEL: @Iam_KiDD_PhilA &#128514; Marcus bitch ass @HeartOfAHustlah ain't loyal at all! Team hopping ass !!!&#8221; &#128514;&#128557;&#128514;&#128557;&#128514;&#128056;&#9749;&#65039;,2
&#8220;@MajorSlander One last shot at this love shit then I'm dogging you hoes&#8221; #Drakelistener,2
&#8220;@MarieHippy: Bitch niggas pay for hoes just to lay with hoes&#8221; relax one night you'll pay to stay with hoes,2
&#8220;@Marlin_FishyAss: &#8220;@1017_Sqquad: In the mall with yo bitch and yo money I'm getting me somethin &#128514;&#128175;&#8221;&#128514;&#8221;&#128175;&#128175;&#128175;&#128175;&#128175;&#128175;&#128175;&#128175;&#128175;&#128175;&#128175;&#128175;&#128175;&#128175;&#128175;&#128175;&#128175;&#128175;&#128175;&#128175;,2
&#8220;@MattieTrump97: Eat a lot of protein Eat a lot of pussy #MattieTrumpsTipsForABetterLife&#8221; Eat the whole ass,2
&#8220;@Maxwell_Larsen: I'm jakes bitch&#8221;,2
"&#8220;@Maxwell_Larsen: When you live this gay, you can't be afraid of two black dicks in your butt"" you fucking queer",2
"&#8220;@Medrano420: You want to be a little bitch, than ima treat you like a little bitch.&#8221;",2
&#8220;@MikeDiggEm: @_KudaBrazyy who the old bitch??!!&#8221; *hoe,2
"&#8220;@MorganSmith_20: @Luke_Turner_88 so many hoes, that's why&#8221;preach",2
&#8220;@MrDelightfullll: I've sounded like a fag the last few days &#128584;&#128513;&#128513;&#8221; your emotions are inspiring &#128150;,2
&#8220;@MsFoxyBaby: #ImAddictedTo girls w fat pussy slim waist fat ass n innocent smiles&#8221; truuuuuu,2
&#8220;@MyDick_SuckThat: Who that pussy wet for ?&#8221; http://t.co/CruDDDHxHh,2
&#8220;@NeeBaddAzz: why amanda bitch ass eva cheat on fizz fine ass? ion geddit&#128564;&#8221; theres more to a nigga than his looks.. Thought yall knew dat?&#128564;,2
&#8220;@Nelly_Flexin: Y'all bitches switch a roo niggas !!!&#8221;&#128064;&#128064; who the hell,2
&#8220;@NiggaImTatted: Having 0 bitches really the wave&#8221;shaq you got all the hoes,2
&#8220;@NiggaImTatted: Niggas want a good girl but still wanna fuck with hoes but that ain't gone work. Gotta pick one&#8221;&#128514;&#128514;&#128514; boy stfu,2
"&#8220;@NoChillPaz: Mom : Dont call a girl a bitch. That's somebody's daughter,sister,niece... Me : And somebody's bitch too&#8221;",2
&#8220;@NoRapist: Throwing lamps at bitches who need to lighten up.&#8221; True dat,2
&#8220;@NoRapist: Using y = mx + b to measure the slope of that ass girl.&#8221; @mckinley719,2
&#8220;@NotGrimey &#8220;@BobbyBudnic My brother a faggot&#8221;&#8221;smh,2
&#8220;@NotGrimey Dnt blame niggas when a female see ya hoe ass ways. Go listen to some JT Money fruitcake&#8221;,2
&#8220;@Officialzyon777: When the pussy stank http://t.co/D6iRWMInqo&#8221;,2
"&#8220;@OnStar: #Mondays are a whole lot better when you're driving a vehicle http://t.co/LIixxMzNdZ&#8221; ""That white pussy uhhh get ya""",2
&#8220;@OpTic_NaDeSHoT: No longer a side bitch @ProSyndicate http://t.co/qWcUNa7vcV&#8221; @Zneezy2Good &#128514;&#128557;,2
&#8220;@PRAYINGFORHEAD: spongebob out here beating bitches up http://t.co/eWIHBSQEk8&#8221;@based_shinigami,2
&#8220;@PoeticallyLucky: It's like when a bitch gotta pretty pussy but it's loose .&#8221; #witchcraft,2
&#8220;@PutYa_Han_OnIt: &#8220;@Tweets_NOchill: Small titty bitches pierced nipples look like staples.&#8221; &#128514;&#128514;&#128514;&#128514;&#128514;&#128514;&#128514;&#128514;&#128514;&#8221;lmao,2
&#8220;@QuaTheGreat: Ready blow this bitch down &#128293; http://t.co/Y89Oj5Yh9M&#8221;Bring me 3 rellos,2
&#8220;@RamzyJay: I try to keep all my bitches on lay away&#8221; same way I feel,2
&#8220;@RawrItsTaraa: Trust these bitches ? Nah&#8221;,2
&#8220;@RedHeadRay_: Is it wrong if I get on this bitch and started talking shit &#128514;?&#8221;yes,2
"&#8220;@ResiDinero: ""@jenny_dalli: @ResiDinero I threw them hoes away"" you also just threw yo life away&#8221;bruhhh &#128557;&#128557;&#128514;&#128514;&#128514;",2
&#8220;@RihannaGlFS: When you see the bitch that been talking smack about you in the playground http://t.co/ePdGXMzKSr&#8221;,2
&#8220;@RudeBoi_Drew: I'm finna eat some pussy&#8221; lmao,2
&#8220;@RylannWilliams: @Woodchuck20 @ravenkiann Hahahaha do it bitch! Make her fall in love &#10084;&#10084;&#10084;&#10084;&#10084;&#10084;&#10084;&#8221; should I? &#128514;,2
&#8220;@SAVINGNOHOES: When she ask how imma eat her pussy https://t.co/6wVjrC3m1Q&#8221;&#128128;,2
&#8220;@SEM25LIVE Leave all the bitchin to bitches&#8221;,2
&#8220;@SexualMedic: How I feel when I'm throwing trash away... http://t.co/qQ94N1rD5N&#8221; everyday in school.,2
&#8220;@Son_Goku_Tho: Dr gero made android 18 to destroy da world das sum bitch nigga shit I would program a girl android to gimme sum neck 24/7&#8221;,2
&#8220;@Southern_Giant: &#8220;@KingShelton_: Dumb bitch award goes too .... http://t.co/IubL31QN6Y&#8221; &#128557;&#8221; that's all you Uncle Sam !!!,2
&#8220;@SouthsideVic: I let my girl handcuff me to the bed thinkin she gon do something freaky this bitch went through my phone&#8221;,2
&#8220;@SouthsideVic: What if pussy treated condoms like cars treat seatbelts and kept beeping until u put it on?&#8221; &#128514;&#128514;,2
&#8220;@StognerAllie: Jealous bitches be like ...'&#128514;&#128530;&#127797;.' &#128514;&#128514;&#128514;&#128128;&#8221;&#128514;&#128514;&#128514; don't subtweet me hoe,2
&#8220;@TaeCocky: This bitch childish af https://t.co/4ZKmOr7sn8&#8221; one of my sisters would've had to crash her &#128514;,2
&#8220;@TedOfficialPage: Fucked your bitch and left her like... http://t.co/x41Q6LUH37&#8221;&#128553;&#128553;&#128514;,2
&#8220;@Terren_Janay: Nobody wants to be with a bum&#8221; except bum bitches,2
&#8220;@ThaRealLilWang: Ur ex girlfriend is a slut&#8221; fr f dat hoe,2
&#8220;@ThadIsReal: Ladies If a nigga always wanna go out and party every weekend . He basically side hoe shopping&#8221;&#128514;,2
&#8220;@ThatDamnTwerk1 Beef is when a bitch titties looking like they sleep... RT @laidback_813: What's beef...&#8221; http://t.co/P2lR0nko6o,2
&#8220;@Thatindianbruh: Food &gt; Pussy but pussy = Food so food &#8805; pussy.&#8221; http://t.co/ZJ3zyduxkO,2
"&#8220;@TheFatAmy: Uh excuse me bitch, you don't need to shout.&#8221; @LauraSimpson19 @jdjohnson7",2
&#8220;@TheRealTenski: Miss you @Ex&#8221; pussy,2
&#8220;@ThequeenTommy: @savanigga already going http://t.co/41fpnfeovb&#8221; how I look at side hoes when daddy walk in the roo,2
&#8220;@Tinypinkisboss: can't stand a playin ass nigga&#9995;&#8221;bitch*,2
&#8220;@Traceydee98: I want pussy for dinner&#8221;,2
&#8220;@TrapFuhrer: When her nudes trash you gotta draw clothes back on her and send em back http://t.co/jX7Mc32BkV&#8221;&#128128;&#128128;&#128128;&#128128;&#128128;,2
&#8220;@TrillOg_Malik: @vintage_monroe_ knee ass&#8221;crow ass,2
&#8220;@TrillOg_Malik: @vintage_monroe_ slut hoe&#8221;thot whore,2
&#8220;@TrillVanillaaa: I feel like twerking &#128514;&#128514;&#8221; This is why yo pussy stank &#128581;,2
&#8220;@TripleOgi_: Kanye might be the first nigga to successfully save a hoe.&#8221;lol this a original . Tweet,2
&#8220;@Truth_305 10 under in Miami is a keeper&#8221;not hard to find them hoes just like to brain wrestle,2
&#8220;@Tyga: That ain't my hoe.&#8221;,2
&#8220;@Tylar____: This single shit so boring &#128555;&#128530;&#8221;suck it bitch,2
&#8220;@UTRagers: COLT MCCOY WINS&#8252;&#65039; #HookEm&#128002;&#8221; he's still trash,2
"&#8220;@UcfGawd: Crying over a guy on Thanksgiving? Nah bitch pick your head up, you making the turkey soggy.&#8221; Thanks A'Shanni *pats turkey dry*",2
&#8220;@UnLike_Society: Good pussy be making a nigga have to regroup&#8221; pull out and get your thoughts together&#128514;&#128514;,2
&#8220;@UnbearableTier_: I ate oomf pussy&#8221; @ her &#128064;&#128064;&#128064;&#128514;&#128514,2
&#8220;@Untouchable_T: Ion care about none of these bitches&#8221;&#128175;&#128175;&#128175,2
&#8220;@Untouchable_T: Never seen so many perfect bitches til I made a Twitter &#128564; but &#128056;&#9749;&#65039;&#8221;&#128175;&#128175;&#128175;&#128175;&#128175;&#128175;&#128175;&#128175;&#128175;&#128175;&#128175;&#128175;&#128175;&#128175;&#128175;&#128175;&#128175;&#128175;&#128175;&#128175;&#128175;&#128175;&#128175;&#128175;&#128175;&#128175;&#128175;&#128175;&#128175;&#128175;&#128175;&#128175;&#128175;&#128175;&#128175;&#128175;&#128175;&#128175;&#128175;&#128175;&#128175;&#128175;&#128175;&#128175;&#128175;&#128175;&#128175;&#128175;&#128175;&#128175;&#128175;&#128175;&#128175;&#128175;&#128175;&#128175;&#128175;,2
&#8220;@VINNYGUADAGNINO: I'm a boss ass bitch ..bitch..bitch..bitch..bitch..bitch..bitch..&#8221; @sarahninjaginga,2
"&#8220;@Vabtwin8211: @Vivalaquintaa agreed, eating pussy is so much better&#8221;they both Nast",2
"&#8220;@VishalDaGod: fuck a #WCW dats my bitch , not my crush&#8221;",2
"&#8220;@WEEEDITH: All I want is bitches, big boooty bitches&#8221;",2
&#8220;@WeirdLilThingz: Stop giving a nigga pussy he stop actin like he care&#8221; no true totally ..,2
&#8220;@Whoscherry: Ever met a bitch that fucked with your nigga but was to pussy to admit it ?&#8221; A bitch for a bitch.,2
&#8220;@Woo_Chamberlain: I just made that interview my bitch. &#128526;&#8221;--finessed it huh!? Lo,2
"&#8220;@WowItsDylan: suck a ""bad bitch"" id rather have a good girl who's a freak just for me 10/10 times &#128525;&#128525;&#8221;",2
&#8220;@Xenoss_: ''single af'' we don't care you're ugly anyways&#8221; @ me pussy,2
&#8220;@Xenoss_: I don't love these hoes&#8221; *we,2
&#8220;@YaBoyRoshi: When you try to smash but that pussy stank http://t.co/alfwPUmnls&#8221;,2
&#8220;@Yattabing Cavs trash.. Heat trash.. Smh&#8221;pat gotta,2
"&#8220;@YeridZee: I'm not a bitch like @Vikyfdez15 &#128129; lol&#8221; sorry not sorry, tried to give him a hint that I didn't want to speak to him so idc &#128524;",2
&#8220;@ZeeCobb: All I want for my birthday is a female with a large buttocks.&#8221; Big booty hoe,2
&#8220;@_BeautifulKeezy: &#8220;@100046729: @_BeautifulKeezy wassup&#8221;bye&#8221;bitch you outta order,2
&#8220;@_BeautifulKeezy: &#8220;@100046729: This bitch lying to me &#128514;&#128530;&#8221;&#128064;&#128064;&#128064;&#8221;messy yess,2
&#8220;@_BitchBUH: Shoot that nigga and his shorty bitch &#128299;&#128514;&#8221; &#8252;&#65039;&#8252;&#65039;,2
&#8220;@_BunnyCocaine_: Oomf a hoe hopper &#128514;&#128514;&#128514;&#8221; &#127806;&#128064;&#127806;,2
&#8220;@_CocaKoula: Oomf a bitch ass nigga point blank period. Smh&#8221; AWWWW SHITTTTTTT,2
&#8220;@_DMiLL_: &#8220;@1BlackMigo: Kyrie fast than a bitch with the ball&#8221; look like you out there lol&#8221;lol I wish,2
&#8220;@_Georjay: @ZoeBoi03 happy birthday little bitch.&#8221; BOFL this made me laugh when I read it &#128514;&#128514;,2
"&#8220;@_Jiare: &#8220;@WB_Pooh_3x: Where the bitches at ,?? &#128064;&#8221; yeah where they at &#128064;&#8221; I don't know they probably at that Party &#128553;",2
&#8220;@_KingRichyyyy: @NoFly_Zone8 @1017_Sqquad you a bitch&#8221;they need to lock yo ass up for sayin some stupid shit like that,2
&#8220;@_Leyahhhh_: No one likes i n d i r e c t ass bitches.&#8221; &#128079,2
&#8220;@_LoveCarolina_: My Lakers are going to be so trash this season I can't wait &#128588;&#128079;&#128530;&#8221; :(,2
&#8220;@_OneBadCreation: Boyfriends that'll eat yo pussy all day long Ur da real mvp &#128557;&#128079;&#8221; http://t.co/6dImZ71MPV,2
&#8220;@_OttoMattic: How you make a salad and have no vegetables on the bitch?!? Give me a break. &#128514;&#128557;&#128514;&#128557;&#8221; potato salad,2
&#8220;@_Perarl: Im so happy in the morning after I shave my pussy cuteness always sets me up for a good day&#128522;&#8221;u need some dick,2
"&#8220;@_PlayaChris: I be laughing when my ex be tryna stunt, bitch you forgot I went with you I know what you got &amp; don't got &#128514;&#128514;&#8221",2
&#8220;@_SickWitIT: Wish tonight was purge so I can get to hunting&#8221; Shut yo hoe ass up,2
&#8220;@__Idonthaveone: My friends are some insensitive bitches &#128514;&#8221;,2
&#8220;@__Neecol: Like why tf is this bitch following me ?&#8221;&#128064;,2
&#8220;@___Tamm: @VoiceOfDStreetz that wasn't me hoe azz boi&#8221; I'm (sniff sniff ) sorry (sniff sniff) http://t.co/CTmwGWEKNL,2
&#8220;@__austinnn: @Satisfied_x &#128175; what u did Mr bitches&#8221; &#128514; stop calling me that but I balled,2
&#8220;@__iamjazz: ion eat cat . &#128581;&#8221;bitch what you gay for then,2
&#8220;@__kiante: &#8220;@1017_Sqquad: Iont got not type ... Bad bitches is the only thing that I like&#8221; ayeee!!&#8221; Throw that ass in a sphere &#128064;&#128514;,2
&#8220;@__marshe: Niggas is hoes man I swear&#8221;,2
"&#8220;@__nijel: This hoe Mimi said ""I hurt my hand"" &#128529;&#8221;&#128514;&#128514;&#128514; bitch her throat &#128514;&#128514;",2
&#8220;@__thaRealist: Lil bitty bitch&#8221; &#128079;&#128079;&#128079;&#128079;&#128079;lingo,2
&#8220;@__thaRealist: Shawty wanna charge for pussy but I'm like whoa now&#128561;&#8221; turnt her on to cash she use to suck for free,2
&#8220;@_chanaee_: Lol someone told me I had hoes so I sent them this&#128514;&#128514;&#128514; http://t.co/B5xBkamv4X&#8221;,2
"&#8220;@_heyshelby: Bitch I'm on, bitch I'm on my griiind&#8221; thug luuuuuuv",2
&#8220;@_imShawntee: I want some pussy #wishfulthinking&#8221;,2
&#8220;@_mahoganylov3 Right RT @KingDominicus: Idk which one was selling pussy for $65 but that&#8217;s way too high for them http://t.co/jSDmSuCDm0&#8221;hm,2
&#8220;@_tellmeboutLOVE: Gave that bitch a bib since she wanna act messy&#8221,2
&#8220;@aerinblazin: I'm 2 much for these niggas and 3 much for these hoes &#128129;&#8221;,2
"&#8220;@alexvelazquez49: Jordyn stays making fun of how I eat like a little bitch""",2
&#8220;@beautifullapril: About to go take over the A this summer. Binging alll the fly bitches to bless atl! #turnup!&#8221; Thank you!! &#128513;&#128513;&#128175;,2
"&#8220;@bigg_boss23: I never get on twitter but when I do, I get in bitch fights with niggas. not even females bruh..&#8221; http://t.co/Kf6pxGKJXr",2
&#8220;@bwanaaa_16: I like down bitches&#8221;,2
&#8220;@candacevon: Niggas talk more then bitches these days &#128530;&#8221; #facts,2
&#8220;@chrisbrown: These hoes ain't loyal [i would know cause I'm a hoe] but my fans damn sure are!&#8221; - real,2
&#8220;@clzcdxx: im just a bitch ass elf&#8221; @MorbidMermaid,2
&#8220;@cmencarini: I dont trust girls&#8221; cant trust these hoes,2
&#8220;@coffincreepxx: @WhatAreOllies niggah you friendzoned&#8221; daaaaaaaam.. &#128532,2
&#8220;@colormeprettyyy: @xo_tavia bitch im back at home now.&#8221; &#128514;,2
&#8220;@crystalinag: finger a bitch w/ my trigger finger&#8221; nigga shut u,2
&#8220;@daaamian_69: &#8220;@tankGonzalez: Stop being such a bitch&#8221;&#8221,2
&#8220;@daberellla: just demolishing this huge bitch &#127850; http://t.co/AWYdBJxKs4&#8221;sharing is caring &#128076;,2
&#8220;@dappermuke: i'll be a bitch when i have to be a bitch :) #fandomapology #5sosFamAnd1DfandomFollowParty&#8221; PREACH,2
&#8220;@darkkskys: bitches be set hoppin like bitch get your life for u get beat up lmao&#8221;,2
&#8220;@dewayneee_: That pussy so wet she gotta dry outside&#8221;stop telling my business,2
"&#8220;@dlogue22: Asians have short beds, my feet are hanging off the edge of the bed &#128514;&#8221; cuddle me bitch I'm right beside you",2
&#8220;@dolodwills: Imma pull up on you eat on that pussy and dip&#8221;,2
&#8220;@dominiloka: If you can't get pussy without lying to a girl you wack&#8221; don't hate. appreciate.,2
&#8220;@dreadHEADkidd69: pussy prolly taste like heaven &#128523;&#8221; &#128079,2
&#8220;@eminoelle: Why you let these hoes tear what we had right apart&#8221,2
&#8220;@erickruiz45: I just want the baddest bitch in the world right here on my lap&#8221; @7aidualc9 &#128514;&#128514;&#128514;&#128514;,2
&#8220;@eternalhbic: &#8220;@HalfJewish: Stills get no pussy** http://t.co/6uOWecbUQO&#8221; he's jus being rational&#8221; a fag,2
&#8220;@fabbymichelle: @BrianLovesAss_ what class you in right now? I need my headphones for seventh period I'm serious bitch ass.&#8221;ms.Trophenboum,2
&#8220;@fabbymichelle: brian stfu &#128548;&#128079; its twitter i could retweet anything&#8221;don't make me bitch slap you again &#128075;,2
&#8220;@flvshy5: Might go to plaq hc&#8221;bitch who you gone go with,2
"&#8220;@gallinofmilk: I'm a faggot"" I agree",2
&#8220;@garytiffany_: Make the most of what you have.&#8221; Don't tell me what to do bitch,2
&#8220;@girlideas: why do bitches stand like this? &#128563;&#128541; http://t.co/QQ9vQyLru1&#8221; she wanted to be in MJ's smooth criminal video so bad..,2
&#8220;@gmail_candy: It don't matter where we at this nigga always tryna holla at a bitch &#128514;&#128514; @tranSactionRAP&#8221; where. y'all. at?,2
&#8220;@goodbadguytim: &#8220;@100046729: This bitch Gmfu.&#8221; You huh?&#8221; Huh lol,2
"&#8220;@hippiescrub: ""I can believe that wiz khalifa and that one bald bitch are getting divorced ""&#8221;",2
&#8220;@hoppk92: @WCCORosen Sick of all the trash talk and cocky attitudes. #shutupandplay&#8221; Refs have to take control when needed,2
&#8220;@iDntWearCondoms: Bitch wanna date the flyest nigga then be shocked when he has hoes lol&#8221;,2
&#8220;@iDntWearCondoms: Ladies what if a dude put two hands in your pussy and started clapping?&#8221; Lmaoo,2
&#8220;@iDntWearCondoms: U get what u put in. If all u offering is pussy don't be mad when all u receive is dick&#8221; &#128588,2
&#8220;@iKayKing: Things hoes say... https://t.co/i9zs1OUd0I&#8221;,2
&#8220;@iSignMyOwnBoobs thats my fav part on Take Care&#8221;whole album trash,2
"&#8220;@iTweet4UglyPpl: &#8220;@KirbyMouf: No one wants an ugly nigga, so you've got him all to yourself. No more stressing over hoes&#8221; &lt;-&#8221; lies !",2
&#8220;@iamSHIRAQ: @WhereYoHussleAt @CayMarieee yall partners in crime&#8221; that's my bitch she can't ride solo,2
&#8220;@iamSHIRAQ: @WhereYoHussleAt u got hoes tho&#8221; WERD &#128066; WHERE &#128064;,2
&#8220;@iank12: @AJDougherty13 no you homo&#8221; sorry I can't be straight like you and pull mad bitches &#128532,2
&#8220;@iank12: @LTomasiello75 @AJDougherty13 me 3&#8221; you don't even lift pussy,2
do it pussy,2
&#8220;@inHERribs: is it too early to put your face in some pussy?&#8221; Bul never to early for breakfast,2
&#8220;@isadore911: @VernNotice what about the doc?&#8221; He's a pussy. He ain't going anywhere.,2
"&#8220;@itsDeSha__: I don't take people niggas bitches don't play about they niggas , specially they baby daddies &#128557;&#128514;&#128514;&#128514;&#8221;No BS",2
&#8220;@itsWhittyTitty: I used to be that fat bitch everybody made fun of look at me now&#8221; I was made fun of for being ugly &#128589;,2
&#8220;@itsdaniellef: &#128521;&#8221; hoe,2
"&#8220;@itslizkhalifa: If pussy is just pussy to you, you a nasty ass nigga.. Hope you get aids &#128553;&#8221; bit harsh. Rethink that statement",2
&#8220;@jjusmaxx: Thot bitches wanna be wined &amp; dined like a wife but don't know how to earn it &#128564;&#8221;,2
&#8220;@jooselhynn_: U hella gay u never did&#8221; quit subbing fag,2
&#8220;@joytooawesome: @im_jessicaaaaa @vintage_monroe_ haha bitch &#128523;&#128518;&#8221; http://t.co/n5uuCDTDxT,2
&#8220;@joytooawesome: I think this hoe pressed or some shit &#128533;&#8221;righttt how many times we asked where they be??ok,2
&#8220;@julialeungg: hoes do hoe thangs&#8221;@Maycie_Belmore,2
"&#8220;@kaitlinfryer: Big oleeeee middle finger, bitch.&#8221;",2
&#8220;@keanabermudez: @GinaSanabria_ he's a hoe lmfao&#8221; aren't they all smuts ? lmao,2
&#8220;@kiaramariexo: &#8220;@1kRock_: boot up. http://t.co/czj5npIfKi&#8221; for u hoe niggas&#8221; so girls that take BC are hoes? &#128056;&#9749;&#65039;,2
&#8220;@kincade00: Rico full of shyt&#8221;full of money hoe,2
&#8220;@kingCvpital: &#8220;@GinaSanabria_: &#8220;@kingCvpital: &#8220;@keanabermudez: MEN are the biggest hoes lmao&#8221;&#8221;&#8221;&#8221;,2
&#8220;@kissme_faith: @what_evaittakes Yea bitch&#8221;dam,2
&#8220;@kissme_faith: This bitch comes right in &amp; gets tooo comfortable http://t.co/u9Duc84iwS&#8221;&#128563;&#128551; I never saw this yo my gut all out I hate u&#128514;&#128514;,2
&#8220;@koleworld4: &#128541; http://t.co/61zY8Cc47j&#8221;bitches swear they emojis&#128553;&#128514;,2
&#8220;@koleworld4: @what_evaittakes it's cute af bitch&#8221;&#128514;&#128514; I believe u!! It's jus getting pAss trusting u wit a needle to someone head&#128114,2
&#8220;@koleworld4: @what_evaittakes lmaooo nooo hoe&#8221;oh ok&#128533,2
&#8220;@koleworld4: this bitch tried the wrong one &#128514;&#128553; it'll all go down hill from now &#128536;&#8221;&#128064;,2
&#8220;@kriscope95: All people ever do on twitter is bitch. Get a mother fuckin diary.&#8221;&#128076;,2
&#8220;@l3ahpar: I could write a book on the things hoes say.&#8221;no way Jose,2
&#8220;@lifeof_brandon: &#8220;@100046729: @lifeof_brandon bitch I called yu back&#8221; the lies&#128564;&#8221;&#127797;,2
&#8220;@lilthickgawdess: @ a girl who's a hoe on Twitter &#128064;&#8221; @lilthickgawdess,2
&#8220;@lyricsaidso: every bitch tell me I act like a nigga.,2
&#8220;@mayi_Mcdonald: I got hella hoes.&#8221;&#128559;,2
"&#8220;@mcdonavins: A nigga who gets alot of bitches is not gonna value you like someone else would, youre just ""another one"" lol.&#8221; Cut that out",2
"&#8220;@meezytk_: ""Go text your other hoes""",2
&#8220;@miilkkk: On a scale of 1-10 this bitch is literally a 6 http://t.co/A3rMyfNUS4&#8221;hahaha,2
Obviously nobody cares bitch,2
&#8220;@mix3ddchickk: Donny a hoe&#8221,2
&#8220;@muhlackk: I'm Trynna find a bitch with a fat ass&#8221;,2
&#8220;@nhalegood: When hoes feel like their photo didnt get enough favorites http://t.co/ZDf98BpF94&#8221;,2
&#8220;@nicekicks_nico: I see so many mad hoes on the tl. Tht shit should be illegal.&#8221;tbh,2
&#8220;@noLove_moreLOUD: Wifey means The pussy good right now but you gotta go in 2 months.&#8221;basically,2
&#8220;@notflappybird: Tag a friend that sucks at flappy bird&#8221; @me,2
&#8220;@peytonreeces_: &#8220;@b10oreo: Lmao nvm&#8221; that's right bitch&#8221; go drink some warm milk and go to bed,2
&#8220;@popitfor_tyrick: Bitch said I lie too much bitch you ain't worth telling the truth too&#8221;&#8252;&#65039;&#8252;&#65039;&#8252;&#65039;,2
&#8220;@prettycha305: Group chat bitches we call yall undercover Feds &#128110;&#128110;&#128110; watching everybody&#8221;,2
at least you know these bitches want to be you,2
"&#8220;@pskinny31: That hoe gone jam watch&#8221; if you ain't throwing ass bitch ""fuck out the party &#9996;&#65039;""",2
"&#8220;@retrolivin_cam: Same hoes is still at it, I should've known&#8221;",2
"&#8220;@roach_nigga: yall niggas think i just hang around your crib doing nothing, bitch i be getting bread too http://t.co/6uZ9e9ZlvQ&#8221; &#128514;",2
&#8220;@royalriahh: bitches I don't want your hugs&#8221;,2
&#8220;@sabdaddyy: Shine on them hoes http://t.co/xOurnvvaYP&#8221; look at my baby daddy,2
I got 1 felony!!!&#8221; I got bitches,2
"&#8220;@sammyk1429: ""I am not a bitch, I am the bitch. So that is Ms. Bitch to you!"" &#128540;&#8221;",2
Ya niggas play to fuck my niggas play for keeps,2
&#8220;@skimaskjojo: &#8220;@1waynostra: Dat bird bitch&#8221;HEAVY BIRDCAGE BITCH&#8221; byyyyyyrrrrrrrrrrrrr bitch &#128037;,2
"&#8220;@skykardashian: Is ""hoe by association"" a real thing?&#8221; Yes.",2
&#8220;@sneakerhead226: I cant talk right now i got pussy on my tongue&#8221,2
&#8220;@souljaboy: @kmichelle ur pussy smell like dumpster juice &#128169;&#8221; wow &#128529;,2
&#8220;@souljaboy: K Michelle pussy smell like shit&#8221; &#128064;&#128514;&#128514;&#128514;,2
&#8220;@surfboard101: @Vomitdatruth lmfaooooo!!!!! U bitch&#8221; I'm using that shit from now on.,2
&#8220;@teecakessss: Do this hoe wanna fight @SierraSamone_&#8221; right,2
": I talk to any girl who paid over 300$ for her sew in, show me u Atleast got some type of boss bitch in you lol",2
No one wants to see curvy women,2
&#8220;@trapwavey: Lol rt. @Cameron5833: If yo bitch don't read books or eat fruits... She a hoe.&#8221;&#128514;&#128514;&#128514;,2
&#8220;@trillasfvck: all these bitches getting mommy money&#8221; niggas too,2
"He told the bitch ""stop texting my phone my shawty crazy""",2
Did that bitch from Frozen ever let it go,2
"Them Jew Lawyers and Doctors say ""Nigga"" ran",2
&#8220;@xoxo_laurenmane: Dumb ass bitches&#8221; @ me next time&#128075,2
&#8220;@yahhtriick: How do people even get crushes on me. Im like a total bitch.&#8221; &#128129;,2
"&#8220;@yohidef: cool story bitch, now pass the blunt&#8221; @EvanBecker513 bitch",2
"&amp; I keep that bitch on me , it's part of my fashion So nigga see me when you see me , catch me in traffic",2
&amp; suck your bitc,2
These bitches bound to get hurt cause a lot of these niggas be playing,2
hoes round here just opening legs like Walmart doors,2
some rachet ass hoe drops some scripture or religious stuff on social media http://t.co/9ZDsKU0lbo,2
when bitches be doing too much on twitter,2
nudes are trash,2
" All jokes aside , I'm goin thru it a niggah heart hurt smh",2
 All the hoes loyal,2
" And you know that I believe it , cause her pussy to mee... &#1041185;&#1041240; And she don't fuck with many niggahs , she don't fuck with any niggahs &#1041219;",2
" Annnie say fuck that niggah , he soo weak ! &#1041204; He can't tell that you a freak &#1041196; That you ain't lookin for love",2
" Baby moanin.... Got me zone'nn , I want this bitch next too me.... Pussy like ecstasy &#1043291;&#1041185; .",2
" Babyy moaaaanin &#1041219;&#1041222; Got me zone'nn...... I want this bitch next to me , pussy like ecstasy &#1043215; .",2
Being in love stressful ma niggah .,2
Broke Tf outta this niggah at 24 &#1041204;&#1041204;&#1041204; He stopped playen defense and a,2
Cause these hoes ain't loyal ! And niggahs ain't either ! When it go down you callin for hittas that you ain't... http://t.co/hj8GAfFZaM,2
"Cause these hoes ain't loyal ! These niggas ain't either &#1041233; , when it go down you callin for hitters that you... http://t.co/wmrUwTwuJE",2
 Don't sleep on ma niggah CHood,2
" Entertain a flirtin ass niggah if you want too , That's gon be yo niggah friendly ass . &#9996;&#65039",2
that was ma niggah from Cali,2
 Get some head off Twitter now niggahs that's bracken,2
 Got niggahs salty at meeeee cause yo dream bitch is ma main slide,2
 Happy birthday to my main niggah right here,2
 Have you ever had sex ina cherry red vet witha fat trap Niggah keep that pussy sooo wet &#1043359;&#1043291;&#1041185;,2
" I ain't trippen cause I like her anyways , she got a niggah and I got a girl but anyways , yea anyways &#1041196;",2
" I don't like when niggahs be like "" where yo bitch at ? "" Na I'll check you on that idc who you is , mine you... http://t.co/OP5sTgZX2k",2
" I fw these niggahs everyday , Neva changed up , always been the same to a niggah . Been thru shit with ma niggahs .",2
" I guess a niggah just believe in ya that's proof for ya , can name a lot of things any other man wont do for ya... http://t.co/OTvw1vlDPY",2
 I still don't got the time for a bitch to be actin iffy &#1043323; .,2
" If this ugly ass niggah can be with her , I can too . Tf she with Chuu Baka for anyways this niggah look like a... http://t.co/lVNDRDPpQT",2
" If yo new niggah can't dress better then me , or even close to looking better then me , dnt try to make me... http://t.co/SMsc86mnBc",2
" Ima kill that pussy straight murder that shit , and Ima eat it , eat it , eat it &#1043291;&#1040788; And lick it till it slaps",2
 Ima real young niggah witha muhhfuckin attitude &#1043359; Walk up I'm yo spot you would think a niggah mad at you .,2
 Is this Jody ? The niggah that got ma Boo Pregnant ? The niggah that can't take responsibilities as a... http://t.co/7ufNJ2NJhp,2
 Lemme find out you didn't answer my call cause you otp with that niggah &#1041204,2
 Leo Apolonio Look this niggah did a drive by on the bike http://t.co/3NisWlPNeC,2
 Ma niggah Alsina be doin his thang . http://t.co/IZA7Lil1Oz,2
 Mannnnn wake y'all bitch asses up Blood !,2
 My baby mama trippen and that bitch can shoot &#1041653;&#1041653; .,2
" Nah I ain't no hoe niggah , no bitch niggah , rich Niggah with the shits Niggah Getchu chipped niggah .",2
" Niggah said "" my girl off limits thirsty niggahs stay out her inbox "" But the bitch look like Kunta Kintes.",2
 Niggahs stay thinkin I want they girl,2
" No FEELINS for a hoe that ain't ma main thang , ma niggahs on the same thang &#1043359; all ma niggahs gangbang ,... http://t.co/pc0fcynoFU",2
" Ok ma Texas bitch keep textin me , callin cryin stressin me &#1041190; Bout where I been but I been with another bitch allegedl",2
 Ran a good game with my Royal niggah &#1043359;&#1042390;&#1043323;,2
" Shawty wanna tell me secrets on how to rap niggah , I tell that bitch it's more attractive when you hold it down &#1043359;&#1043351; .",2
" She drippen vanillaaaaa , she know I'm the pussy killaaaa &#1043291;&#1041196;",2
" She love it when I talk to her crazy &#1041191;&#1041219; Suck a niggah dick , with a whole lotta spit",2
 Somebody come look at this niggah right here * Kevin Hart Voice * lol http://t.co/R2mhWqc2jT,2
" South Central niggahs really don't be lovin these hoes , these hoes don't be lovin these niggahs",2
 That one niggah that grab the AUX cord and start playen weak ass music,2
 This niggah Yanni like hangin up on NIGGAHS in mid sentence,2
 Waaaaittt niggah holllll'up &#9995; these niggahs come to town start wife'n my old sluts,2
 You gottttta be a mad a madddd niggah,2
" You niggahs actin like hoes , I can sale those !",2
" You tall tree ass females be 6'0 TALKIN bout "" Catching Feelings "" , bitch you need to catch this touchdown..",2
 when it comes to pussy I have no fucking friends' - hostel iii is really what we're watching right now,2
"Every bitch got a fat ass or she $3,000 from it",2
Views from the 6' gon be Instagram picture titles for a while...brace yaself my nigs,2
"i drowned in ur pussy so i swam 2ur BuT."" Easily the most eloquent message sent on Xbox Live.",2
"*Bows down* ""Yes bitchmaster bitch""",2
*Sings* I killed that pussy she died with her eyes open!,2
*Teachers call you a pussy for not doing senior skip day*,2
"*goes to olive garden* *Turns into a cracker* ""@gIacier: *goes black friday shopping* *turns into a nigger*""",2
*karate RT @SirAsshole: Karrenchi still a bird ass bitch,2
*live ... lol what's wrong with these bitches man,2
*pops that pussy for singles*,2
*pregnant crazy bitch wus the answer we were looking for...,2
*puts people/bitch face on*,2
@_HISTO requires soundcloud links and tumblr bitches; he MIGHT let you play his party then.,2
"but bitches catch feelings after, all the damn time.",2
....is now tweeting from a tablet....baller bitch!,2
...and I'm goin back to school.. only for the hoes and a class or two,2
.@Buckm00se really does talk like a buck nigger,2
".@TheRevAl Hey you race baiting FBI informant bitch, where's your punk ass speaking for justice on this?",2
1 more day bitches!!!!,2
1 thang i know these bitches come n go so keep em out your bussiness,2
1 time for the lonely hoes watching #Scandal re runs,2
12 oz arizona's trash,2
"12 was like ""Blocked bitch"" &#8220;@NoBeeetch: Don't start ""@bdoulaoblongata: They are blocking us",2
13% shy 65% bitch 22% homosexual,2
15. Did twitter ever get you pussy/dick,2
18 year old pussy tastes like hope,2
187 how I'm killin these hoes,2
1st game of Fall 7s.. finna kill some hoes,2
"2 bad bitches, 3 glocks, 4 choppas",2
2 faced bitch,2
2 hoes 1 dyke,2
2 or 3 hoes for everything,2
"2 thangs my bitch can't say, ""I'm broke"" n ""ha period late""",2
2+2 not knowing wtf it is bitch,2
2012-2013 seniors were chill as suck. this years seniors are basic ass bitches,2
21- you a bitch but you my bitch so we hella chillin. also thanks for tolerating me and being my friend.,2
270 on flappy bird suck my dick and lick my balls #swag,2
3 things i cant stand while dealing with a bitch! A. HIT FEET B. STANK ASS BREATH C. SKANK ASS WAYS,2
3-0-0 bitches fuck wid me,2
"300 bitch we hot, we done took flight !",2
"37- no, i dont like hoes",2
"7 pounds never fails to make me cry. Im not bitch, I just relate to it",2
7:15 needs to hurry up . It's chilly in this bitch,2
99 problems but a bitch ain't 1,2
99 problems but a bitch ain't one,2
@ me bitch,2
@ the chick who is gorgeous and so fine but her pussy stinks,2
@01TakesTheLead no bitch I had to use my whipers!!,2
That's what happens when your getting pussy. Pussy or Twitter? Seems like a clear cut choice to me. Hahahah,2
@1000gramsBee bitch,2
@10x90 @fucktyler fugly loose hoe,2
@1MannyOnly @iamadamg_ @JennyReyes42 bitches will be bitches.,2
@1ONLYsolo fuc her and her pussy nasty,2
"he aint a real nigger, oh my bad a real nigga, but praise the sonsof satan for having not a realnigger qualitaties. Im hating?",2
"@1SonofYahweh..they cry over lost pussy, more emotional than a sissy. They get out &amp; front on hoes simple minds &amp; point brothas like me out",2
@1stBlock_Rody pussy,2
@253hippy Bc she's a cunt hoe bag,2
@2LEGIT4that Lmao &#9995; Excuse me bitch?I am not Soundcloud,2
@808NoHeartBreak hoes,2
@AGreasyMonkey @Huntermoore faggot,2
@ALaQuannD what you laughing at hoe,2
"@ASAP_RocKI_ @HuhWhatsACondom *sighs* 1. Not a bitch. I'm a woman. LEARN THE DIFFERENCE. 2. I KNOW I'm fat. 3. It's called a scarf, dumbass.",2
@AaronKeplin shut up bitch,2
@Abel312_ @Cuauhtli02 bruh I'm under 2 blankets like a bitch right now,2
@AbrehamDadi no bitch,2
@AcaciaBrinley crusty hoe,2
@AceAlford_23 double up on this game bitch,2
@Alan_Casillas bitches or wat,2
@Alan_Casillas haha shit niggah i wish,2
@Alan_Casillas lol bitches from riverside to LA ahah,2
@Alejandro_Bihhh @CapoDaAssHole I was texting a bitch,2
@Alejandro_Bihhh @CapoDaAssHole I'm on this hoe like this every night just be tweeting bullshit,2
@Alejandro_Bihhh lmaoooo hell naw bro I be up i haven't seen that hoe,2
@AlexSchnider niiice my nigga schinder pullin hoes,2
@AlexaDelsanter karma is a bitch,2
@AlexisMota29 this niggah be lying &#128514;,2
@AliciaDaniella8 them hoes was trash,2
@AlissaWasHeree you trippin bitch,2
"@AllieBruner Stop being mean, bitch!",2
@AllieBruner is my main bitch.,2
@Almighty_Woo he said he got you in workouts pussy!!!!!!,2
"@AmPowerBlog so a man who is a pussy and a coward overpowered you and easily took what was yours? You are clearly much less than a man, then",2
@AmandaShow__ bet that some pussy!!!,2
@AnUglyNigga this is retarded,2
@Andreaa_olvera prego bitch,2
@Andreaa_olvera smd bitch,2
@Boobah_ they trash,2
@AndrewJBurns1 @Tommy_Russell_ homo ass crackers,2
@AndyHerren @AarynElizaGries cry baby bitch,2
"@Anellesofia I didnt call you a bitch, I just saiddd bitch.",2
@AnthonyCumia pussy,2
@ApevonTarskin fuck u ugly ass bitch,2
@AppleciderPapi @OGBEARD @godIevel nah u just a fag,2
@Aram2432 I have class nig,2
@Arbogucci guys not supposed to get their ass sucked queer,2
@Are_Ohh_Bee bitch see you then then bitch.,2
@ArianaGrande this bitch,2
@AriesTheOG cut a bitch,2
@ArlisDoNotChill @ChiefKeef3OO wheres my bitch wit my sammich then?,2
@AsapTwelvyy hoes.,2
@Ashlynohma wtf I DMd you bitch,2
@AustinBurge44 pussy ass schedule,2
@AustinBurge44 either way both schools are trash,2
@AustinG1135 answer my snapchat faggot #butthurt,2
@AustinG1135 go to sleep faggot!,2
@AustinG1135 your the one keeping me up faggot!,2
@AustinthaIntern Johnny football is trash man. Trash. Lol.,2
@AutyAut_ bitch add me,2
@AwwYeahMaddie you're our bitch though,2
@AyMrCarter niggas be on pussy shit,2
@Aydren cause you're a sexy bitch,2
@AyyMartt bitch where you been,2
@BH_Dragons he's fucking trash,2
@BLUE_yupp finger my throbbing pussy slowly as i cum on ur face,2
@BMS_ThadCastle this account is so incredibly retarded.,2
@BRIdifferent bishhhhhh waasup where this bitch up,2
"@BRIdifferent good dnt be a sucker for these sad mad bitches,",2
BUNNYDaHONEY &lt;= got all the hoes,2
@B_Stewart9 quit bein a little bitch B,2
@BakariT bitch what,2
@BallOut057 I'm otp bitch hold on,2
@BallardTheG_ get this nigguh of this streets,2
@BangxBroz right in the pussy,2
@BarackObama make weed legal you pussy you know you smoke that shit,2
@Barbod6FCB @_cblaze @ODDBEAST cracker jack shut  up,2
@Barbod6FCB Am not gonna shut shit up bitch but u can get yo punk ass out there hoe ass nigga,2
@BeenBasedB do this nigga think he mick foley ?,2
@BekySawyer boats and hoes,2
@BengyBenFrank niggah follow me back &#128529;,2
@Benny_Balboa tell that boy he a hoe i just called him,2
@Beyond_Fatal my bitch bruhhh !!!,2
@BeyondTomcat you'd like that wouldn't you fag,2
@Bidenshairplugs He looks like a fag,2
@BigD757 too bad hes a faggot,2
@BigDaddySniper you far asf too nigguh,2
@Big_Jim777 bitc,2
@BigfineHorseee she gone eat that bitch,2
@BillRatchet @VottomanEmpire place pussy on stache let pussy take ride,2
@BitchImFancy lol so retarded,2
@BitchImaStunna @VeshaaCouture lmao bitch shut up,2
@BitchMedia what's up my bitches?! Shout out from your momz in Cali! Keep doin what u do. #loveit,2
@BjwalkinRIVERS bro that hoe live,2
@BlaccLaBelle_ &#9786;&#65039;nice Avi lil nigger,2
@BloggerBoxing @rianscalia pass the Fosters faggot,2
@BloodOfJupiter yeah...bitch!,2
@Boobah_ awnser the phone pussy,2